2025-06-05 06:18:35,282 - INFO - __main__ - MainThread : Attempting to load environment from: dev_env.json
2025-06-05 06:18:35,283 - ERROR - __main__ - MainThread : Environment file 'dev_env.json' not found.
Traceback (most recent call last):
  File "C:\Users\John Arellano\PycharmProjects\msd_2025_j.arellano\Module07_Assignment\Data_Collection_Exercise\backendservice-main-src\app.py", line 63, in load_environment
    with open(env_file_name, 'r', encoding='utf-8') as f:
         ^^^^^^^^^^^^^^^^^^^^^^^^^^^^^^^^^^^^^^^^^^
FileNotFoundError: [Errno 2] No such file or directory: 'dev_env.json'
2025-06-05 06:18:35,283 - WARNING - __main__ - MainThread : Failed to load environment variables. Using default settings.
2025-06-05 06:18:35,285 - INFO - __main__ - MainThread : Starting Data Collection Service...
2025-06-05 06:26:31,523 - INFO - __main__ - MainThread : Attempting to load environment from: dev_env.json
2025-06-05 06:26:31,523 - ERROR - __main__ - MainThread : Environment file 'dev_env.json' not found.
Traceback (most recent call last):
  File "C:\Users\John Arellano\PycharmProjects\msd_2025_j.arellano\Module07_Assignment\Data_Collection_Exercise\backendservice-main-src\app.py", line 63, in load_environment
    with open(env_file_name, 'r', encoding='utf-8') as f:
         ^^^^^^^^^^^^^^^^^^^^^^^^^^^^^^^^^^^^^^^^^^
FileNotFoundError: [Errno 2] No such file or directory: 'dev_env.json'
2025-06-05 06:26:31,523 - WARNING - __main__ - MainThread : Failed to load environment variables. Using default settings.
2025-06-05 06:26:31,526 - INFO - __main__ - MainThread : Starting Data Collection Service...
2025-06-05 06:27:26,641 - INFO - __main__ - MainThread : Attempting to load environment from: dev_env.json
2025-06-05 06:27:26,642 - INFO - __main__ - MainThread : Environment variables loaded: {'database_url': 'pq.fhnw.ch', 'database_port': '5432', 'database_username': 'dbusername_dev', 'database_password': 'dbpassword_dev', 'log_level': 'debug'}
2025-06-05 06:27:26,642 - INFO - __main__ - MainThread : Log level set to: DEBUG
2025-06-05 06:27:26,644 - INFO - __main__ - MainThread : Starting Data Collection Service...
2025-06-05 06:27:26,644 - INFO - datastructure - MainThread : Creating new DataStorage instance.
2025-06-05 06:27:26,644 - DEBUG - datastructure - MainThread : DataStorage __init__ called (attributes should already be set by __new__).
2025-06-05 06:27:26,644 - INFO - datastructure - MainThread : Attempting to load data from JSON files...
2025-06-05 06:27:26,644 - INFO - datastructure - MainThread : patients.json not found. No patients loaded.
2025-06-05 06:27:26,644 - INFO - datastructure - MainThread : experiments.json not found. No experiments loaded.
2025-06-05 06:27:26,644 - INFO - datastructure - MainThread : data.json not found. No previous data points to consider for loading.
2025-06-05 06:27:26,644 - INFO - __main__ - MainThread : Initial data loaded from files (if any existed).
2025-06-05 06:27:26,644 - INFO - __main__ - MainThread : Service will run on host 0.0.0.0, port 5000
2025-06-05 06:27:26,678 - INFO - werkzeug - MainThread : [31m[1mWARNING: This is a development server. Do not use it in a production deployment. Use a production WSGI server instead.[0m
 * Running on all addresses (0.0.0.0)
 * Running on http://127.0.0.1:5000
 * Running on http://192.168.0.168:5000
2025-06-05 06:27:26,678 - INFO - werkzeug - MainThread : [33mPress CTRL+C to quit[0m
2025-06-05 06:27:26,710 - INFO - werkzeug - MainThread :  * Restarting with watchdog (windowsapi)
2025-06-05 06:27:27,365 - INFO - __main__ - MainThread : Attempting to load environment from: dev_env.json
2025-06-05 06:27:27,366 - INFO - __main__ - MainThread : Environment variables loaded: {'database_url': 'pq.fhnw.ch', 'database_port': '5432', 'database_username': 'dbusername_dev', 'database_password': 'dbpassword_dev', 'log_level': 'debug'}
2025-06-05 06:27:27,366 - INFO - __main__ - MainThread : Log level set to: DEBUG
2025-06-05 06:27:27,368 - INFO - __main__ - MainThread : Starting Data Collection Service...
2025-06-05 06:27:27,368 - INFO - datastructure - MainThread : Creating new DataStorage instance.
2025-06-05 06:27:27,368 - DEBUG - datastructure - MainThread : DataStorage __init__ called (attributes should already be set by __new__).
2025-06-05 06:27:27,368 - INFO - datastructure - MainThread : Attempting to load data from JSON files...
2025-06-05 06:27:27,368 - INFO - datastructure - MainThread : patients.json not found. No patients loaded.
2025-06-05 06:27:27,368 - INFO - datastructure - MainThread : experiments.json not found. No experiments loaded.
2025-06-05 06:27:27,368 - INFO - datastructure - MainThread : data.json not found. No previous data points to consider for loading.
2025-06-05 06:27:27,368 - INFO - __main__ - MainThread : Initial data loaded from files (if any existed).
2025-06-05 06:27:27,368 - INFO - __main__ - MainThread : Service will run on host 0.0.0.0, port 5000
2025-06-05 06:27:27,376 - WARNING - werkzeug - MainThread :  * Debugger is active!
2025-06-05 06:27:27,380 - INFO - werkzeug - MainThread :  * Debugger PIN: 104-987-032
2025-06-05 06:40:33,974 - WARNING - __main__ - Thread-8 (process_request_thread) : Authentication failed for user ''.
2025-06-05 06:40:33,975 - INFO - werkzeug - Thread-8 (process_request_thread) : 127.0.0.1 - - [05/Jun/2025 06:40:33] "[31m[1mGET / HTTP/1.1[0m" 401 -
2025-06-05 06:40:54,233 - WARNING - __main__ - Thread-9 (process_request_thread) : Authentication failed for user ''.
2025-06-05 06:40:54,233 - INFO - werkzeug - Thread-9 (process_request_thread) : 127.0.0.1 - - [05/Jun/2025 06:40:54] "[31m[1mGET / HTTP/1.1[0m" 401 -
2025-06-05 06:44:17,528 - INFO - __main__ - Thread-11 (process_request_thread) : User 'user' authenticated successfully.
2025-06-05 06:44:17,529 - INFO - __main__ - Thread-11 (process_request_thread) : 'index' endpoint called by user: user.
2025-06-05 06:44:17,529 - INFO - werkzeug - Thread-11 (process_request_thread) : 127.0.0.1 - - [05/Jun/2025 06:44:17] "GET / HTTP/1.1" 200 -
2025-06-05 06:44:17,803 - INFO - werkzeug - Thread-12 (process_request_thread) : 127.0.0.1 - - [05/Jun/2025 06:44:17] "[33mGET /favicon.ico HTTP/1.1[0m" 404 -
2025-06-05 06:46:04,180 - WARNING - __main__ - Thread-13 (process_request_thread) : Authentication failed for user 'username'.
2025-06-05 06:46:04,180 - INFO - werkzeug - Thread-13 (process_request_thread) : 127.0.0.1 - - [05/Jun/2025 06:46:04] "[31m[1mGET / HTTP/1.1[0m" 401 -
2025-06-05 06:46:26,864 - INFO - __main__ - Thread-14 (process_request_thread) : User 'user' authenticated successfully.
2025-06-05 06:46:26,864 - INFO - __main__ - Thread-14 (process_request_thread) : 'index' endpoint called by user: user.
2025-06-05 06:46:26,864 - INFO - werkzeug - Thread-14 (process_request_thread) : 127.0.0.1 - - [05/Jun/2025 06:46:26] "GET / HTTP/1.1" 200 -
2025-06-05 06:52:13,151 - INFO - __main__ - Thread-15 (process_request_thread) : User 'user' authenticated successfully.
2025-06-05 06:52:13,151 - DEBUG - datastructure - Thread-15 (process_request_thread) : DataStorage __init__ called (attributes should already be set by __new__).
2025-06-05 06:52:13,152 - INFO - __main__ - Thread-15 (process_request_thread) : 'patient_action_route' POST request by 'user'.
2025-06-05 06:52:13,152 - DEBUG - idgenerator - Thread-15 (process_request_thread) : AlphaNumericIDGenerator created ID: d8970d08-41c8-11f0-95af-9b1ea4d95ba0
2025-06-05 06:52:13,152 - DEBUG - datastructure - Thread-15 (process_request_thread) : Patient initialized: ID 'd8970d08-41c8-11f0-95af-9b1ea4d95ba0', Name 'John Doe'
2025-06-05 06:52:13,152 - INFO - datastructure - Thread-15 (process_request_thread) : Patient added: ID 'd8970d08-41c8-11f0-95af-9b1ea4d95ba0', Name 'John Doe'
2025-06-05 06:52:13,152 - INFO - __main__ - Thread-15 (process_request_thread) : Patient 'John Doe' (ID: d8970d08-41c8-11f0-95af-9b1ea4d95ba0) created by 'user'.
2025-06-05 06:52:13,153 - INFO - werkzeug - Thread-15 (process_request_thread) : 127.0.0.1 - - [05/Jun/2025 06:52:13] "[35m[1mPOST /patient HTTP/1.1[0m" 201 -
2025-06-05 06:55:47,385 - INFO - werkzeug - Thread-16 (process_request_thread) : 127.0.0.1 - - [05/Jun/2025 06:55:47] "[33mGET /patient/d8970d08-41c8-11f0-95af-9b1ea4d95ba0 HTTP/1.1[0m" 404 -
2025-06-05 06:55:52,960 - INFO - werkzeug - Thread-17 (process_request_thread) : 127.0.0.1 - - [05/Jun/2025 06:55:52] "[33mGET /patient/"d8970d08-41c8-11f0-95af-9b1ea4d95ba0" HTTP/1.1[0m" 404 -
2025-06-05 06:57:11,225 - INFO - werkzeug - Thread-18 (process_request_thread) : 127.0.0.1 - - [05/Jun/2025 06:57:11] "[33mGET /patient/<d8970d08-41c8-11f0-95af-9b1ea4d95ba0> HTTP/1.1[0m" 404 -
2025-06-05 06:59:11,132 - INFO - werkzeug - Thread-19 (process_request_thread) : 127.0.0.1 - - [05/Jun/2025 06:59:11] "[33mGET /patient/d8970d08-41c8-11f0-95af-9b1ea4d95ba0 HTTP/1.1[0m" 404 -
2025-06-05 06:59:46,741 - INFO - werkzeug - Thread-20 (process_request_thread) : 127.0.0.1 - - [05/Jun/2025 06:59:46] "[33mGET /patient/d8970d08-41c8-11f0-95af-9b1ea4d95ba0 HTTP/1.1[0m" 404 -
2025-06-05 07:00:34,844 - INFO - werkzeug - Thread-21 (process_request_thread) : 127.0.0.1 - - [05/Jun/2025 07:00:34] "[33mGET /patient/d8970d08-41c8-11f0-95af-9b1ea4d95ba0 HTTP/1.1[0m" 404 -
2025-06-05 07:03:15,282 - INFO - werkzeug - Thread-1 :  * Detected change in 'C:\\Users\\John Arellano\\PycharmProjects\\msd_2025_j.arellano\\Module07_Assignment\\Data_Collection_Exercise\\backendservice-main-src\\app.py', reloading
2025-06-05 07:03:15,283 - INFO - werkzeug - Thread-1 :  * Detected change in 'C:\\Users\\John Arellano\\PycharmProjects\\msd_2025_j.arellano\\Module07_Assignment\\Data_Collection_Exercise\\backendservice-main-src\\app.py', reloading
2025-06-05 07:03:15,283 - INFO - werkzeug - Thread-1 :  * Detected change in 'C:\\Users\\John Arellano\\PycharmProjects\\msd_2025_j.arellano\\Module07_Assignment\\Data_Collection_Exercise\\backendservice-main-src\\app.py', reloading
2025-06-05 07:03:15,284 - INFO - werkzeug - Thread-1 :  * Detected change in 'C:\\Users\\John Arellano\\PycharmProjects\\msd_2025_j.arellano\\Module07_Assignment\\Data_Collection_Exercise\\backendservice-main-src\\app.py', reloading
2025-06-05 07:03:15,945 - INFO - werkzeug - MainThread :  * Restarting with watchdog (windowsapi)
2025-06-05 07:03:16,799 - INFO - __main__ - MainThread : Attempting to load environment from: dev_env.json
2025-06-05 07:03:16,800 - INFO - __main__ - MainThread : Environment variables loaded: {'database_url': 'pq.fhnw.ch', 'database_port': '5432', 'database_username': 'dbusername_dev', 'database_password': 'dbpassword_dev', 'log_level': 'debug'}
2025-06-05 07:03:16,800 - INFO - __main__ - MainThread : Log level set to: DEBUG
2025-06-05 07:03:16,802 - INFO - __main__ - MainThread : Starting Data Collection Service...
2025-06-05 07:03:16,802 - INFO - datastructure - MainThread : Creating new DataStorage instance.
2025-06-05 07:03:16,802 - DEBUG - datastructure - MainThread : DataStorage __init__ called (attributes should already be set by __new__).
2025-06-05 07:03:16,802 - INFO - datastructure - MainThread : Attempting to load data from JSON files...
2025-06-05 07:03:16,802 - INFO - datastructure - MainThread : patients.json not found. No patients loaded.
2025-06-05 07:03:16,802 - INFO - datastructure - MainThread : experiments.json not found. No experiments loaded.
2025-06-05 07:03:16,802 - INFO - datastructure - MainThread : data.json not found. No previous data points to consider for loading.
2025-06-05 07:03:16,802 - INFO - __main__ - MainThread : Initial data loaded from files (if any existed).
2025-06-05 07:03:16,802 - INFO - __main__ - MainThread : Service will run on host 0.0.0.0, port 5000
2025-06-05 07:03:16,813 - WARNING - werkzeug - MainThread :  * Debugger is active!
2025-06-05 07:03:16,817 - INFO - werkzeug - MainThread :  * Debugger PIN: 104-987-032
2025-06-05 07:03:20,647 - INFO - werkzeug - Thread-1 :  * Detected change in 'C:\\Users\\John Arellano\\PycharmProjects\\msd_2025_j.arellano\\Module07_Assignment\\Data_Collection_Exercise\\backendservice-main-src\\app.py', reloading
2025-06-05 07:03:20,647 - INFO - werkzeug - Thread-1 :  * Detected change in 'C:\\Users\\John Arellano\\PycharmProjects\\msd_2025_j.arellano\\Module07_Assignment\\Data_Collection_Exercise\\backendservice-main-src\\app.py', reloading
2025-06-05 07:03:20,648 - INFO - werkzeug - Thread-1 :  * Detected change in 'C:\\Users\\John Arellano\\PycharmProjects\\msd_2025_j.arellano\\Module07_Assignment\\Data_Collection_Exercise\\backendservice-main-src\\app.py', reloading
2025-06-05 07:03:21,131 - INFO - werkzeug - MainThread :  * Restarting with watchdog (windowsapi)
2025-06-05 07:03:21,882 - INFO - __main__ - MainThread : Attempting to load environment from: dev_env.json
2025-06-05 07:03:21,883 - INFO - __main__ - MainThread : Environment variables loaded: {'database_url': 'pq.fhnw.ch', 'database_port': '5432', 'database_username': 'dbusername_dev', 'database_password': 'dbpassword_dev', 'log_level': 'debug'}
2025-06-05 07:03:21,883 - INFO - __main__ - MainThread : Log level set to: DEBUG
2025-06-05 07:03:21,886 - INFO - __main__ - MainThread : Starting Data Collection Service...
2025-06-05 07:03:21,886 - INFO - datastructure - MainThread : Creating new DataStorage instance.
2025-06-05 07:03:21,886 - DEBUG - datastructure - MainThread : DataStorage __init__ called (attributes should already be set by __new__).
2025-06-05 07:03:21,886 - INFO - datastructure - MainThread : Attempting to load data from JSON files...
2025-06-05 07:03:21,886 - INFO - datastructure - MainThread : patients.json not found. No patients loaded.
2025-06-05 07:03:21,886 - INFO - datastructure - MainThread : experiments.json not found. No experiments loaded.
2025-06-05 07:03:21,886 - INFO - datastructure - MainThread : data.json not found. No previous data points to consider for loading.
2025-06-05 07:03:21,886 - INFO - __main__ - MainThread : Initial data loaded from files (if any existed).
2025-06-05 07:03:21,886 - INFO - __main__ - MainThread : Service will run on host 0.0.0.0, port 5000
2025-06-05 07:03:21,895 - WARNING - werkzeug - MainThread :  * Debugger is active!
2025-06-05 07:03:21,899 - INFO - werkzeug - MainThread :  * Debugger PIN: 104-987-032
2025-06-05 07:05:00,863 - INFO - werkzeug - Thread-1 :  * Detected change in 'C:\\Users\\John Arellano\\PycharmProjects\\msd_2025_j.arellano\\Module07_Assignment\\Data_Collection_Exercise\\backendservice-main-src\\app.py', reloading
2025-06-05 07:05:00,865 - INFO - werkzeug - Thread-1 :  * Detected change in 'C:\\Users\\John Arellano\\PycharmProjects\\msd_2025_j.arellano\\Module07_Assignment\\Data_Collection_Exercise\\backendservice-main-src\\app.py', reloading
2025-06-05 07:05:00,865 - INFO - werkzeug - Thread-1 :  * Detected change in 'C:\\Users\\John Arellano\\PycharmProjects\\msd_2025_j.arellano\\Module07_Assignment\\Data_Collection_Exercise\\backendservice-main-src\\app.py', reloading
2025-06-05 07:05:00,865 - INFO - werkzeug - Thread-1 :  * Detected change in 'C:\\Users\\John Arellano\\PycharmProjects\\msd_2025_j.arellano\\Module07_Assignment\\Data_Collection_Exercise\\backendservice-main-src\\app.py', reloading
2025-06-05 07:05:01,192 - INFO - werkzeug - MainThread :  * Restarting with watchdog (windowsapi)
2025-06-05 07:05:02,159 - INFO - __main__ - MainThread : Attempting to load environment from: dev_env.json
2025-06-05 07:05:02,159 - INFO - __main__ - MainThread : Environment variables loaded: {'database_url': 'pq.fhnw.ch', 'database_port': '5432', 'database_username': 'dbusername_dev', 'database_password': 'dbpassword_dev', 'log_level': 'debug'}
2025-06-05 07:05:02,159 - INFO - __main__ - MainThread : Log level set to: DEBUG
2025-06-05 07:05:02,162 - INFO - __main__ - MainThread : Starting Data Collection Service...
2025-06-05 07:05:02,162 - INFO - datastructure - MainThread : Creating new DataStorage instance.
2025-06-05 07:05:02,162 - DEBUG - datastructure - MainThread : DataStorage __init__ called (attributes should already be set by __new__).
2025-06-05 07:05:02,162 - INFO - datastructure - MainThread : Attempting to load data from JSON files...
2025-06-05 07:05:02,162 - INFO - datastructure - MainThread : patients.json not found. No patients loaded.
2025-06-05 07:05:02,162 - INFO - datastructure - MainThread : experiments.json not found. No experiments loaded.
2025-06-05 07:05:02,162 - INFO - datastructure - MainThread : data.json not found. No previous data points to consider for loading.
2025-06-05 07:05:02,162 - INFO - __main__ - MainThread : Initial data loaded from files (if any existed).
2025-06-05 07:05:02,162 - INFO - __main__ - MainThread : Service will run on host 0.0.0.0, port 5000
2025-06-05 07:05:02,174 - WARNING - werkzeug - MainThread :  * Debugger is active!
2025-06-05 07:05:02,179 - INFO - werkzeug - MainThread :  * Debugger PIN: 104-987-032
2025-06-05 07:09:31,896 - INFO - __main__ - MainThread : Data Collection Service stopped.
2025-06-05 07:09:31,978 - INFO - __main__ - MainThread : Data Collection Service stopped.
2025-06-05 07:09:40,846 - INFO - __main__ - MainThread : Attempting to load environment from: C:\Users\John Arellano\PycharmProjects\msd_2025_j.arellano\Module07_Assignment\Data_Collection_Exercise\backendservice-main-src\dev_env.json
2025-06-05 07:09:40,846 - INFO - __main__ - MainThread : Environment variables loaded: {'database_url': 'pq.fhnw.ch', 'database_port': '5432', 'database_username': 'dbusername_dev', 'database_password': 'dbpassword_dev', 'log_level': 'debug'}
2025-06-05 07:09:40,846 - INFO - __main__ - MainThread : Log level set to: DEBUG
2025-06-05 07:09:40,850 - INFO - __main__ - MainThread : Starting Data Collection Service...
2025-06-05 07:09:40,850 - INFO - datastructure - MainThread : Creating new DataStorage instance.
2025-06-05 07:09:40,850 - DEBUG - datastructure - MainThread : DataStorage __init__ called (attributes should already be set by __new__).
2025-06-05 07:09:40,850 - INFO - datastructure - MainThread : Attempting to load data from JSON files...
2025-06-05 07:09:40,850 - INFO - datastructure - MainThread : patients.json not found. No patients loaded.
2025-06-05 07:09:40,850 - INFO - datastructure - MainThread : experiments.json not found. No experiments loaded.
2025-06-05 07:09:40,850 - INFO - datastructure - MainThread : data.json not found. No previous data points to consider for loading.
2025-06-05 07:09:40,850 - INFO - __main__ - MainThread : Initial data loaded from files (if any existed).
2025-06-05 07:09:40,850 - INFO - __main__ - MainThread : Service will run on host 0.0.0.0, port 5000
2025-06-05 07:09:40,891 - INFO - werkzeug - MainThread : [31m[1mWARNING: This is a development server. Do not use it in a production deployment. Use a production WSGI server instead.[0m
 * Running on all addresses (0.0.0.0)
 * Running on http://127.0.0.1:5000
 * Running on http://192.168.0.168:5000
2025-06-05 07:09:40,891 - INFO - werkzeug - MainThread : [33mPress CTRL+C to quit[0m
2025-06-05 07:09:40,900 - INFO - werkzeug - MainThread :  * Restarting with watchdog (windowsapi)
2025-06-05 07:09:41,622 - INFO - __main__ - MainThread : Attempting to load environment from: C:\Users\John Arellano\PycharmProjects\msd_2025_j.arellano\Module07_Assignment\Data_Collection_Exercise\backendservice-main-src\dev_env.json
2025-06-05 07:09:41,622 - INFO - __main__ - MainThread : Environment variables loaded: {'database_url': 'pq.fhnw.ch', 'database_port': '5432', 'database_username': 'dbusername_dev', 'database_password': 'dbpassword_dev', 'log_level': 'debug'}
2025-06-05 07:09:41,622 - INFO - __main__ - MainThread : Log level set to: DEBUG
2025-06-05 07:09:41,625 - INFO - __main__ - MainThread : Starting Data Collection Service...
2025-06-05 07:09:41,625 - INFO - datastructure - MainThread : Creating new DataStorage instance.
2025-06-05 07:09:41,625 - DEBUG - datastructure - MainThread : DataStorage __init__ called (attributes should already be set by __new__).
2025-06-05 07:09:41,625 - INFO - datastructure - MainThread : Attempting to load data from JSON files...
2025-06-05 07:09:41,625 - INFO - datastructure - MainThread : patients.json not found. No patients loaded.
2025-06-05 07:09:41,625 - INFO - datastructure - MainThread : experiments.json not found. No experiments loaded.
2025-06-05 07:09:41,625 - INFO - datastructure - MainThread : data.json not found. No previous data points to consider for loading.
2025-06-05 07:09:41,625 - INFO - __main__ - MainThread : Initial data loaded from files (if any existed).
2025-06-05 07:09:41,625 - INFO - __main__ - MainThread : Service will run on host 0.0.0.0, port 5000
2025-06-05 07:09:41,634 - WARNING - werkzeug - MainThread :  * Debugger is active!
2025-06-05 07:09:41,637 - INFO - werkzeug - MainThread :  * Debugger PIN: 104-987-032
2025-06-05 07:10:20,085 - INFO - __main__ - Thread-8 (process_request_thread) : User 'user' authenticated successfully.
2025-06-05 07:10:20,086 - INFO - __main__ - Thread-8 (process_request_thread) : 'index' endpoint called by user: user.
2025-06-05 07:10:20,086 - INFO - werkzeug - Thread-8 (process_request_thread) : 127.0.0.1 - - [05/Jun/2025 07:10:20] "GET / HTTP/1.1" 200 -
2025-06-05 07:10:54,089 - INFO - __main__ - Thread-9 (process_request_thread) : User 'user' authenticated successfully.
2025-06-05 07:10:54,089 - DEBUG - datastructure - Thread-9 (process_request_thread) : DataStorage __init__ called (attributes should already be set by __new__).
2025-06-05 07:10:54,089 - INFO - __main__ - Thread-9 (process_request_thread) : 'patient_action_route' POST request by 'user'.
2025-06-05 07:10:54,089 - DEBUG - idgenerator - Thread-9 (process_request_thread) : AlphaNumericIDGenerator created ID: 74b873a3-41cb-11f0-864b-9b1ea4d95ba0
2025-06-05 07:10:54,089 - DEBUG - datastructure - Thread-9 (process_request_thread) : Patient initialized: ID '74b873a3-41cb-11f0-864b-9b1ea4d95ba0', Name 'John Doe'
2025-06-05 07:10:54,089 - INFO - datastructure - Thread-9 (process_request_thread) : Patient added: ID '74b873a3-41cb-11f0-864b-9b1ea4d95ba0', Name 'John Doe'
2025-06-05 07:10:54,089 - INFO - __main__ - Thread-9 (process_request_thread) : Patient 'John Doe' (ID: 74b873a3-41cb-11f0-864b-9b1ea4d95ba0) created by 'user'.
2025-06-05 07:10:54,089 - INFO - werkzeug - Thread-9 (process_request_thread) : 127.0.0.1 - - [05/Jun/2025 07:10:54] "[35m[1mPOST /patient HTTP/1.1[0m" 201 -
2025-06-05 07:11:22,046 - INFO - __main__ - Thread-10 (process_request_thread) : User 'user' authenticated successfully.
2025-06-05 07:11:22,046 - INFO - __main__ - Thread-10 (process_request_thread) : 'get_specific_patient' GET request for patient ID '74b873a3-41cb-11f0-864b-9b1ea4d95ba0' by 'user'.
2025-06-05 07:11:22,046 - DEBUG - datastructure - Thread-10 (process_request_thread) : DataStorage __init__ called (attributes should already be set by __new__).
2025-06-05 07:11:22,046 - DEBUG - datastructure - Thread-10 (process_request_thread) : Patient retrieved: ID '74b873a3-41cb-11f0-864b-9b1ea4d95ba0'
2025-06-05 07:11:22,046 - INFO - __main__ - Thread-10 (process_request_thread) : Patient with ID '74b873a3-41cb-11f0-864b-9b1ea4d95ba0' retrieved successfully.
2025-06-05 07:11:22,047 - INFO - werkzeug - Thread-10 (process_request_thread) : 127.0.0.1 - - [05/Jun/2025 07:11:22] "GET /patient/74b873a3-41cb-11f0-864b-9b1ea4d95ba0 HTTP/1.1" 200 -
2025-06-05 07:12:36,463 - INFO - werkzeug - Thread-11 (process_request_thread) : 127.0.0.1 - - [05/Jun/2025 07:12:36] "[31m[1mPOST /patient/74b873a3-41cb-11f0-864b-9b1ea4d95ba0 HTTP/1.1[0m" 405 -
2025-06-05 07:16:18,436 - INFO - werkzeug - Thread-1 :  * Detected change in 'C:\\Users\\John Arellano\\PycharmProjects\\msd_2025_j.arellano\\.venv\\Lib\\site-packages\\PIL\\__init__.py', reloading
2025-06-05 07:16:18,437 - INFO - werkzeug - Thread-1 :  * Detected change in 'C:\\Users\\John Arellano\\PycharmProjects\\msd_2025_j.arellano\\.venv\\Lib\\site-packages\\PIL\\_version.py', reloading
2025-06-05 07:16:18,437 - INFO - werkzeug - Thread-1 :  * Detected change in 'C:\\Users\\John Arellano\\PycharmProjects\\msd_2025_j.arellano\\.venv\\Lib\\site-packages\\PIL\\Image.py', reloading
2025-06-05 07:16:18,477 - INFO - werkzeug - Thread-1 :  * Detected change in 'C:\\Users\\John Arellano\\PycharmProjects\\msd_2025_j.arellano\\.venv\\Lib\\site-packages\\PIL\\ExifTags.py', reloading
2025-06-05 07:16:18,483 - INFO - werkzeug - Thread-1 :  * Detected change in 'C:\\Users\\John Arellano\\PycharmProjects\\msd_2025_j.arellano\\.venv\\Lib\\site-packages\\PIL\\ImageMode.py', reloading
2025-06-05 07:16:18,484 - INFO - werkzeug - Thread-1 :  * Detected change in 'C:\\Users\\John Arellano\\PycharmProjects\\msd_2025_j.arellano\\.venv\\Lib\\site-packages\\PIL\\_deprecate.py', reloading
2025-06-05 07:16:18,485 - INFO - werkzeug - Thread-1 :  * Detected change in 'C:\\Users\\John Arellano\\PycharmProjects\\msd_2025_j.arellano\\.venv\\Lib\\site-packages\\PIL\\TiffTags.py', reloading
2025-06-05 07:16:18,489 - INFO - werkzeug - Thread-1 :  * Detected change in 'C:\\Users\\John Arellano\\PycharmProjects\\msd_2025_j.arellano\\.venv\\Lib\\site-packages\\PIL\\_binary.py', reloading
2025-06-05 07:16:18,490 - INFO - werkzeug - Thread-1 :  * Detected change in 'C:\\Users\\John Arellano\\PycharmProjects\\msd_2025_j.arellano\\.venv\\Lib\\site-packages\\PIL\\_util.py', reloading
2025-06-05 07:16:18,490 - INFO - werkzeug - Thread-1 :  * Detected change in 'C:\\Users\\John Arellano\\PycharmProjects\\msd_2025_j.arellano\\.venv\\Lib\\site-packages\\PIL\\_typing.py', reloading
2025-06-05 07:16:18,723 - INFO - werkzeug - MainThread :  * Restarting with watchdog (windowsapi)
2025-06-05 07:16:19,454 - INFO - __main__ - MainThread : Attempting to load environment from: C:\Users\John Arellano\PycharmProjects\msd_2025_j.arellano\Module07_Assignment\Data_Collection_Exercise\backendservice-main-src\dev_env.json
2025-06-05 07:16:19,454 - INFO - __main__ - MainThread : Environment variables loaded: {'database_url': 'pq.fhnw.ch', 'database_port': '5432', 'database_username': 'dbusername_dev', 'database_password': 'dbpassword_dev', 'log_level': 'debug'}
2025-06-05 07:16:19,454 - INFO - __main__ - MainThread : Log level set to: DEBUG
2025-06-05 07:16:19,458 - INFO - __main__ - MainThread : Starting Data Collection Service...
2025-06-05 07:16:19,458 - INFO - datastructure - MainThread : Creating new DataStorage instance.
2025-06-05 07:16:19,458 - DEBUG - datastructure - MainThread : DataStorage __init__ called (attributes should already be set by __new__).
2025-06-05 07:16:19,458 - INFO - datastructure - MainThread : Attempting to load data from JSON files...
2025-06-05 07:16:19,458 - INFO - datastructure - MainThread : patients.json not found. No patients loaded.
2025-06-05 07:16:19,458 - INFO - datastructure - MainThread : experiments.json not found. No experiments loaded.
2025-06-05 07:16:19,458 - INFO - datastructure - MainThread : data.json not found. No previous data points to consider for loading.
2025-06-05 07:16:19,458 - INFO - __main__ - MainThread : Initial data loaded from files (if any existed).
2025-06-05 07:16:19,458 - INFO - __main__ - MainThread : Service will run on host 0.0.0.0, port 5000
2025-06-05 07:16:19,469 - WARNING - werkzeug - MainThread :  * Debugger is active!
2025-06-05 07:16:19,473 - INFO - werkzeug - MainThread :  * Debugger PIN: 104-987-032
2025-06-05 07:16:28,100 - INFO - werkzeug - Thread-1 :  * Detected change in 'C:\\Users\\John Arellano\\PycharmProjects\\msd_2025_j.arellano\\.venv\\Lib\\site-packages\\altair\\__init__.py', reloading
2025-06-05 07:16:28,104 - INFO - werkzeug - Thread-1 :  * Detected change in 'C:\\Users\\John Arellano\\PycharmProjects\\msd_2025_j.arellano\\.venv\\Lib\\site-packages\\altair\\vegalite\\__init__.py', reloading
2025-06-05 07:16:28,109 - INFO - werkzeug - Thread-1 :  * Detected change in 'C:\\Users\\John Arellano\\PycharmProjects\\msd_2025_j.arellano\\.venv\\Lib\\site-packages\\altair\\vegalite\\v5\\__init__.py', reloading
2025-06-05 07:16:28,843 - INFO - werkzeug - MainThread :  * Restarting with watchdog (windowsapi)
2025-06-05 07:16:29,603 - INFO - __main__ - MainThread : Attempting to load environment from: C:\Users\John Arellano\PycharmProjects\msd_2025_j.arellano\Module07_Assignment\Data_Collection_Exercise\backendservice-main-src\dev_env.json
2025-06-05 07:16:29,604 - INFO - __main__ - MainThread : Environment variables loaded: {'database_url': 'pq.fhnw.ch', 'database_port': '5432', 'database_username': 'dbusername_dev', 'database_password': 'dbpassword_dev', 'log_level': 'debug'}
2025-06-05 07:16:29,604 - INFO - __main__ - MainThread : Log level set to: DEBUG
2025-06-05 07:16:29,606 - INFO - __main__ - MainThread : Starting Data Collection Service...
2025-06-05 07:16:29,606 - INFO - datastructure - MainThread : Creating new DataStorage instance.
2025-06-05 07:16:29,606 - DEBUG - datastructure - MainThread : DataStorage __init__ called (attributes should already be set by __new__).
2025-06-05 07:16:29,607 - INFO - datastructure - MainThread : Attempting to load data from JSON files...
2025-06-05 07:16:29,607 - INFO - datastructure - MainThread : patients.json not found. No patients loaded.
2025-06-05 07:16:29,607 - INFO - datastructure - MainThread : experiments.json not found. No experiments loaded.
2025-06-05 07:16:29,607 - INFO - datastructure - MainThread : data.json not found. No previous data points to consider for loading.
2025-06-05 07:16:29,607 - INFO - __main__ - MainThread : Initial data loaded from files (if any existed).
2025-06-05 07:16:29,607 - INFO - __main__ - MainThread : Service will run on host 0.0.0.0, port 5000
2025-06-05 07:16:29,617 - WARNING - werkzeug - MainThread :  * Debugger is active!
2025-06-05 07:16:29,621 - INFO - werkzeug - MainThread :  * Debugger PIN: 104-987-032
2025-06-05 07:16:32,556 - INFO - werkzeug - Thread-1 :  * Detected change in 'C:\\Users\\John Arellano\\PycharmProjects\\msd_2025_j.arellano\\Module07_Assignment\\Data_Collection_Exercise\\backendservice-main-src\\app.py', reloading
2025-06-05 07:16:32,557 - INFO - werkzeug - Thread-1 :  * Detected change in 'C:\\Users\\John Arellano\\PycharmProjects\\msd_2025_j.arellano\\Module07_Assignment\\Data_Collection_Exercise\\backendservice-main-src\\app.py', reloading
2025-06-05 07:16:32,557 - INFO - werkzeug - Thread-1 :  * Detected change in 'C:\\Users\\John Arellano\\PycharmProjects\\msd_2025_j.arellano\\Module07_Assignment\\Data_Collection_Exercise\\backendservice-main-src\\app.py', reloading
2025-06-05 07:16:32,558 - INFO - werkzeug - Thread-1 :  * Detected change in 'C:\\Users\\John Arellano\\PycharmProjects\\msd_2025_j.arellano\\Module07_Assignment\\Data_Collection_Exercise\\backendservice-main-src\\app.py', reloading
2025-06-05 07:16:32,886 - INFO - werkzeug - MainThread :  * Restarting with watchdog (windowsapi)
2025-06-05 07:19:07,902 - INFO - __main__ - MainThread : Attempting to load environment from: C:\Users\John Arellano\PycharmProjects\msd_2025_j.arellano\Module07_Assignment\Data_Collection_Exercise\backendservice-main-src\dev_env.json
2025-06-05 07:19:07,902 - INFO - __main__ - MainThread : Environment variables loaded: {'database_url': 'pq.fhnw.ch', 'database_port': '5432', 'database_username': 'dbusername_dev', 'database_password': 'dbpassword_dev', 'log_level': 'debug'}
2025-06-05 07:19:07,902 - INFO - __main__ - MainThread : Log level set to: DEBUG
2025-06-05 07:19:07,905 - INFO - __main__ - MainThread : Starting Data Collection Service...
2025-06-05 07:19:07,905 - INFO - datastructure - MainThread : Creating new DataStorage instance.
2025-06-05 07:19:07,905 - DEBUG - datastructure - MainThread : DataStorage __init__ called (attributes should already be set by __new__).
2025-06-05 07:19:07,905 - INFO - datastructure - MainThread : Attempting to load data from JSON files...
2025-06-05 07:19:07,905 - INFO - datastructure - MainThread : patients.json not found. No patients loaded.
2025-06-05 07:19:07,905 - INFO - datastructure - MainThread : experiments.json not found. No experiments loaded.
2025-06-05 07:19:07,905 - INFO - datastructure - MainThread : data.json not found. No previous data points to consider for loading.
2025-06-05 07:19:07,905 - INFO - __main__ - MainThread : Initial data loaded from files (if any existed).
2025-06-05 07:19:07,905 - INFO - __main__ - MainThread : Service will run on host 0.0.0.0, port 5000
2025-06-05 07:19:07,939 - INFO - werkzeug - MainThread : [31m[1mWARNING: This is a development server. Do not use it in a production deployment. Use a production WSGI server instead.[0m
 * Running on all addresses (0.0.0.0)
 * Running on http://127.0.0.1:5000
 * Running on http://192.168.0.168:5000
2025-06-05 07:19:07,939 - INFO - werkzeug - MainThread : [33mPress CTRL+C to quit[0m
2025-06-05 07:19:07,948 - INFO - werkzeug - MainThread :  * Restarting with watchdog (windowsapi)
2025-06-05 07:19:08,690 - INFO - __main__ - MainThread : Attempting to load environment from: C:\Users\John Arellano\PycharmProjects\msd_2025_j.arellano\Module07_Assignment\Data_Collection_Exercise\backendservice-main-src\dev_env.json
2025-06-05 07:19:08,690 - INFO - __main__ - MainThread : Environment variables loaded: {'database_url': 'pq.fhnw.ch', 'database_port': '5432', 'database_username': 'dbusername_dev', 'database_password': 'dbpassword_dev', 'log_level': 'debug'}
2025-06-05 07:19:08,690 - INFO - __main__ - MainThread : Log level set to: DEBUG
2025-06-05 07:19:08,693 - INFO - __main__ - MainThread : Starting Data Collection Service...
2025-06-05 07:19:08,693 - INFO - datastructure - MainThread : Creating new DataStorage instance.
2025-06-05 07:19:08,693 - DEBUG - datastructure - MainThread : DataStorage __init__ called (attributes should already be set by __new__).
2025-06-05 07:19:08,693 - INFO - datastructure - MainThread : Attempting to load data from JSON files...
2025-06-05 07:19:08,693 - INFO - datastructure - MainThread : patients.json not found. No patients loaded.
2025-06-05 07:19:08,693 - INFO - datastructure - MainThread : experiments.json not found. No experiments loaded.
2025-06-05 07:19:08,693 - INFO - datastructure - MainThread : data.json not found. No previous data points to consider for loading.
2025-06-05 07:19:08,693 - INFO - __main__ - MainThread : Initial data loaded from files (if any existed).
2025-06-05 07:19:08,693 - INFO - __main__ - MainThread : Service will run on host 0.0.0.0, port 5000
2025-06-05 07:19:08,701 - WARNING - werkzeug - MainThread :  * Debugger is active!
2025-06-05 07:19:08,705 - INFO - werkzeug - MainThread :  * Debugger PIN: 104-987-032
2025-06-05 07:19:37,058 - INFO - __main__ - Thread-8 (process_request_thread) : User 'user' authenticated successfully.
2025-06-05 07:19:37,058 - INFO - __main__ - Thread-8 (process_request_thread) : 'index' endpoint called by user: user.
2025-06-05 07:19:37,058 - INFO - werkzeug - Thread-8 (process_request_thread) : 127.0.0.1 - - [05/Jun/2025 07:19:37] "GET / HTTP/1.1" 200 -
2025-06-05 07:20:52,431 - INFO - __main__ - Thread-9 (process_request_thread) : User 'user' authenticated successfully.
2025-06-05 07:20:52,431 - DEBUG - datastructure - Thread-9 (process_request_thread) : DataStorage __init__ called (attributes should already be set by __new__).
2025-06-05 07:20:52,431 - INFO - __main__ - Thread-9 (process_request_thread) : 'patient_action_route' POST request by 'user'.
2025-06-05 07:20:52,431 - DEBUG - idgenerator - Thread-9 (process_request_thread) : AlphaNumericIDGenerator created ID: d95c1ca8-41cc-11f0-b938-9b1ea4d95ba0
2025-06-05 07:20:52,431 - DEBUG - datastructure - Thread-9 (process_request_thread) : Patient initialized: ID 'd95c1ca8-41cc-11f0-b938-9b1ea4d95ba0', Name 'John Doe'
2025-06-05 07:20:52,431 - INFO - datastructure - Thread-9 (process_request_thread) : Patient added: ID 'd95c1ca8-41cc-11f0-b938-9b1ea4d95ba0', Name 'John Doe'
2025-06-05 07:20:52,431 - INFO - __main__ - Thread-9 (process_request_thread) : Patient 'John Doe' (ID: d95c1ca8-41cc-11f0-b938-9b1ea4d95ba0) created by 'user'.
2025-06-05 07:20:52,432 - INFO - werkzeug - Thread-9 (process_request_thread) : 127.0.0.1 - - [05/Jun/2025 07:20:52] "[35m[1mPOST /patient HTTP/1.1[0m" 201 -
2025-06-05 07:21:18,798 - INFO - __main__ - Thread-10 (process_request_thread) : User 'user' authenticated successfully.
2025-06-05 07:21:18,798 - INFO - __main__ - Thread-10 (process_request_thread) : 'get_specific_patient' GET request for patient ID 'd95c1ca8-41cc-11f0-b938-9b1ea4d95ba0' by 'user'.
2025-06-05 07:21:18,799 - DEBUG - datastructure - Thread-10 (process_request_thread) : DataStorage __init__ called (attributes should already be set by __new__).
2025-06-05 07:21:18,799 - DEBUG - datastructure - Thread-10 (process_request_thread) : Patient retrieved: ID 'd95c1ca8-41cc-11f0-b938-9b1ea4d95ba0'
2025-06-05 07:21:18,799 - INFO - __main__ - Thread-10 (process_request_thread) : Patient with ID 'd95c1ca8-41cc-11f0-b938-9b1ea4d95ba0' retrieved successfully.
2025-06-05 07:21:18,799 - INFO - werkzeug - Thread-10 (process_request_thread) : 127.0.0.1 - - [05/Jun/2025 07:21:18] "GET /patient/d95c1ca8-41cc-11f0-b938-9b1ea4d95ba0 HTTP/1.1" 200 -
2025-06-05 07:22:00,351 - INFO - __main__ - Thread-11 (process_request_thread) : User 'user' authenticated successfully.
2025-06-05 07:22:00,351 - INFO - __main__ - Thread-11 (process_request_thread) : 'get_specific_patient' GET request for patient ID 'd95c1ca8-41cc-11f0-b938-9b1ea4d95ba0' by 'user'.
2025-06-05 07:22:00,351 - DEBUG - datastructure - Thread-11 (process_request_thread) : DataStorage __init__ called (attributes should already be set by __new__).
2025-06-05 07:22:00,351 - DEBUG - datastructure - Thread-11 (process_request_thread) : Patient retrieved: ID 'd95c1ca8-41cc-11f0-b938-9b1ea4d95ba0'
2025-06-05 07:22:00,351 - INFO - __main__ - Thread-11 (process_request_thread) : Patient with ID 'd95c1ca8-41cc-11f0-b938-9b1ea4d95ba0' retrieved successfully.
2025-06-05 07:22:00,351 - INFO - werkzeug - Thread-11 (process_request_thread) : 127.0.0.1 - - [05/Jun/2025 07:22:00] "GET /patient/d95c1ca8-41cc-11f0-b938-9b1ea4d95ba0 HTTP/1.1" 200 -
2025-06-05 07:23:43,663 - INFO - werkzeug - Thread-12 (process_request_thread) : 127.0.0.1 - - [05/Jun/2025 07:23:43] "[33mPOST /patient/d95c1ca8-41cc-11f0-b938-9b1ea4d95ba0/data HTTP/1.1[0m" 404 -
2025-06-05 07:24:17,448 - INFO - werkzeug - Thread-13 (process_request_thread) : 127.0.0.1 - - [05/Jun/2025 07:24:17] "[33mPOST /patient/d95c1ca8-41cc-11f0-b938-9b1ea4d95ba0/data HTTP/1.1[0m" 404 -
2025-06-05 07:24:53,034 - INFO - __main__ - Thread-14 (process_request_thread) : User 'user' authenticated successfully.
2025-06-05 07:24:53,034 - INFO - __main__ - Thread-14 (process_request_thread) : 'get_specific_patient' GET request for patient ID 'd95c1ca8-41cc-11f0-b938-9b1ea4d95ba0' by 'user'.
2025-06-05 07:24:53,034 - DEBUG - datastructure - Thread-14 (process_request_thread) : DataStorage __init__ called (attributes should already be set by __new__).
2025-06-05 07:24:53,034 - DEBUG - datastructure - Thread-14 (process_request_thread) : Patient retrieved: ID 'd95c1ca8-41cc-11f0-b938-9b1ea4d95ba0'
2025-06-05 07:24:53,034 - INFO - __main__ - Thread-14 (process_request_thread) : Patient with ID 'd95c1ca8-41cc-11f0-b938-9b1ea4d95ba0' retrieved successfully.
2025-06-05 07:24:53,034 - INFO - werkzeug - Thread-14 (process_request_thread) : 127.0.0.1 - - [05/Jun/2025 07:24:53] "GET /patient/d95c1ca8-41cc-11f0-b938-9b1ea4d95ba0 HTTP/1.1" 200 -
2025-06-05 07:25:18,459 - INFO - werkzeug - Thread-15 (process_request_thread) : 127.0.0.1 - - [05/Jun/2025 07:25:18] "[33mPOST /patient/d95c1ca8-41cc-11f0-b938-9b1ea4d95ba0/data HTTP/1.1[0m" 404 -
2025-06-05 07:29:46,194 - INFO - __main__ - MainThread : Data Collection Service stopped.
2025-06-05 07:29:46,276 - INFO - __main__ - MainThread : Data Collection Service stopped.
2025-06-05 07:29:47,218 - INFO - __main__ - MainThread : Attempting to load environment from: C:\Users\John Arellano\PycharmProjects\msd_2025_j.arellano\Module07_Assignment\Data_Collection_Exercise\backendservice-main-src\dev_env.json
2025-06-05 07:29:47,218 - INFO - __main__ - MainThread : Environment variables loaded: {'database_url': 'pq.fhnw.ch', 'database_port': '5432', 'database_username': 'dbusername_dev', 'database_password': 'dbpassword_dev', 'log_level': 'debug'}
2025-06-05 07:29:47,218 - INFO - __main__ - MainThread : Log level set to: DEBUG
2025-06-05 07:29:47,221 - INFO - __main__ - MainThread : Starting Data Collection Service...
2025-06-05 07:29:47,221 - INFO - datastructure - MainThread : Creating new DataStorage instance.
2025-06-05 07:29:47,221 - DEBUG - datastructure - MainThread : DataStorage __init__ called (attributes should already be set by __new__).
2025-06-05 07:29:47,221 - INFO - datastructure - MainThread : Attempting to load data from JSON files...
2025-06-05 07:29:47,221 - INFO - datastructure - MainThread : patients.json not found. No patients loaded.
2025-06-05 07:29:47,221 - INFO - datastructure - MainThread : experiments.json not found. No experiments loaded.
2025-06-05 07:29:47,221 - INFO - datastructure - MainThread : data.json not found. No previous data points to consider for loading.
2025-06-05 07:29:47,221 - INFO - __main__ - MainThread : Initial data loaded from files (if any existed).
2025-06-05 07:29:47,221 - INFO - __main__ - MainThread : Service will run on host 0.0.0.0, port 5000
2025-06-05 07:29:47,257 - INFO - werkzeug - MainThread : [31m[1mWARNING: This is a development server. Do not use it in a production deployment. Use a production WSGI server instead.[0m
 * Running on all addresses (0.0.0.0)
 * Running on http://127.0.0.1:5000
 * Running on http://192.168.0.168:5000
2025-06-05 07:29:47,257 - INFO - werkzeug - MainThread : [33mPress CTRL+C to quit[0m
2025-06-05 07:29:47,267 - INFO - werkzeug - MainThread :  * Restarting with watchdog (windowsapi)
2025-06-05 07:29:47,995 - INFO - __main__ - MainThread : Attempting to load environment from: C:\Users\John Arellano\PycharmProjects\msd_2025_j.arellano\Module07_Assignment\Data_Collection_Exercise\backendservice-main-src\dev_env.json
2025-06-05 07:29:47,995 - INFO - __main__ - MainThread : Environment variables loaded: {'database_url': 'pq.fhnw.ch', 'database_port': '5432', 'database_username': 'dbusername_dev', 'database_password': 'dbpassword_dev', 'log_level': 'debug'}
2025-06-05 07:29:47,996 - INFO - __main__ - MainThread : Log level set to: DEBUG
2025-06-05 07:29:47,999 - INFO - __main__ - MainThread : Starting Data Collection Service...
2025-06-05 07:29:47,999 - INFO - datastructure - MainThread : Creating new DataStorage instance.
2025-06-05 07:29:47,999 - DEBUG - datastructure - MainThread : DataStorage __init__ called (attributes should already be set by __new__).
2025-06-05 07:29:47,999 - INFO - datastructure - MainThread : Attempting to load data from JSON files...
2025-06-05 07:29:47,999 - INFO - datastructure - MainThread : patients.json not found. No patients loaded.
2025-06-05 07:29:47,999 - INFO - datastructure - MainThread : experiments.json not found. No experiments loaded.
2025-06-05 07:29:47,999 - INFO - datastructure - MainThread : data.json not found. No previous data points to consider for loading.
2025-06-05 07:29:47,999 - INFO - __main__ - MainThread : Initial data loaded from files (if any existed).
2025-06-05 07:29:47,999 - INFO - __main__ - MainThread : Service will run on host 0.0.0.0, port 5000
2025-06-05 07:29:48,007 - WARNING - werkzeug - MainThread :  * Debugger is active!
2025-06-05 07:29:48,010 - INFO - werkzeug - MainThread :  * Debugger PIN: 104-987-032
2025-06-05 07:33:13,712 - INFO - werkzeug - Thread-1 :  * Detected change in 'C:\\Users\\John Arellano\\PycharmProjects\\msd_2025_j.arellano\\.venv\\Lib\\site-packages\\memory_profiler.py', reloading
2025-06-05 07:33:14,340 - INFO - werkzeug - MainThread :  * Restarting with watchdog (windowsapi)
2025-06-05 07:33:15,050 - INFO - __main__ - MainThread : Attempting to load environment from: C:\Users\John Arellano\PycharmProjects\msd_2025_j.arellano\Module07_Assignment\Data_Collection_Exercise\backendservice-main-src\dev_env.json
2025-06-05 07:33:15,050 - INFO - __main__ - MainThread : Environment variables loaded: {'database_url': 'pq.fhnw.ch', 'database_port': '5432', 'database_username': 'dbusername_dev', 'database_password': 'dbpassword_dev', 'log_level': 'debug'}
2025-06-05 07:33:15,050 - INFO - __main__ - MainThread : Log level set to: DEBUG
2025-06-05 07:33:15,053 - INFO - __main__ - MainThread : Starting Data Collection Service...
2025-06-05 07:33:15,053 - INFO - datastructure - MainThread : Creating new DataStorage instance.
2025-06-05 07:33:15,053 - DEBUG - datastructure - MainThread : DataStorage __init__ called (attributes should already be set by __new__).
2025-06-05 07:33:15,053 - INFO - datastructure - MainThread : Attempting to load data from JSON files...
2025-06-05 07:33:15,053 - INFO - datastructure - MainThread : patients.json not found. No patients loaded.
2025-06-05 07:33:15,053 - INFO - datastructure - MainThread : experiments.json not found. No experiments loaded.
2025-06-05 07:33:15,053 - INFO - datastructure - MainThread : data.json not found. No previous data points to consider for loading.
2025-06-05 07:33:15,053 - INFO - __main__ - MainThread : Initial data loaded from files (if any existed).
2025-06-05 07:33:15,053 - INFO - __main__ - MainThread : Service will run on host 0.0.0.0, port 5000
2025-06-05 07:33:15,062 - WARNING - werkzeug - MainThread :  * Debugger is active!
2025-06-05 07:33:15,065 - INFO - werkzeug - MainThread :  * Debugger PIN: 104-987-032
2025-06-05 07:33:20,414 - INFO - __main__ - MainThread : Data Collection Service stopped.
2025-06-05 07:33:20,496 - INFO - __main__ - MainThread : Data Collection Service stopped.
2025-06-05 07:33:21,442 - INFO - __main__ - MainThread : Attempting to load environment from: C:\Users\John Arellano\PycharmProjects\msd_2025_j.arellano\Module07_Assignment\Data_Collection_Exercise\backendservice-main-src\dev_env.json
2025-06-05 07:33:21,443 - INFO - __main__ - MainThread : Environment variables loaded: {'database_url': 'pq.fhnw.ch', 'database_port': '5432', 'database_username': 'dbusername_dev', 'database_password': 'dbpassword_dev', 'log_level': 'debug'}
2025-06-05 07:33:21,443 - INFO - __main__ - MainThread : Log level set to: DEBUG
2025-06-05 07:33:21,446 - INFO - __main__ - MainThread : Starting Data Collection Service...
2025-06-05 07:33:21,446 - INFO - datastructure - MainThread : Creating new DataStorage instance.
2025-06-05 07:33:21,446 - DEBUG - datastructure - MainThread : DataStorage __init__ called.
2025-06-05 07:33:21,446 - INFO - datastructure - MainThread : Attempting to load data from JSON files...
2025-06-05 07:33:21,446 - INFO - datastructure - MainThread : patients.json not found. No patients loaded.
2025-06-05 07:33:21,446 - INFO - datastructure - MainThread : experiments.json not found. No experiments loaded.
2025-06-05 07:33:21,446 - INFO - datastructure - MainThread : data.json not found. No previous data points to consider for loading.
2025-06-05 07:33:21,447 - INFO - __main__ - MainThread : Initial data loaded from files (if any existed).
2025-06-05 07:33:21,447 - INFO - __main__ - MainThread : Service will run on host 0.0.0.0, port 5000
2025-06-05 07:33:21,481 - INFO - werkzeug - MainThread : [31m[1mWARNING: This is a development server. Do not use it in a production deployment. Use a production WSGI server instead.[0m
 * Running on all addresses (0.0.0.0)
 * Running on http://127.0.0.1:5000
 * Running on http://192.168.0.168:5000
2025-06-05 07:33:21,481 - INFO - werkzeug - MainThread : [33mPress CTRL+C to quit[0m
2025-06-05 07:33:21,489 - INFO - werkzeug - MainThread :  * Restarting with watchdog (windowsapi)
2025-06-05 07:33:22,218 - INFO - __main__ - MainThread : Attempting to load environment from: C:\Users\John Arellano\PycharmProjects\msd_2025_j.arellano\Module07_Assignment\Data_Collection_Exercise\backendservice-main-src\dev_env.json
2025-06-05 07:33:22,218 - INFO - __main__ - MainThread : Environment variables loaded: {'database_url': 'pq.fhnw.ch', 'database_port': '5432', 'database_username': 'dbusername_dev', 'database_password': 'dbpassword_dev', 'log_level': 'debug'}
2025-06-05 07:33:22,218 - INFO - __main__ - MainThread : Log level set to: DEBUG
2025-06-05 07:33:22,221 - INFO - __main__ - MainThread : Starting Data Collection Service...
2025-06-05 07:33:22,221 - INFO - datastructure - MainThread : Creating new DataStorage instance.
2025-06-05 07:33:22,221 - DEBUG - datastructure - MainThread : DataStorage __init__ called.
2025-06-05 07:33:22,221 - INFO - datastructure - MainThread : Attempting to load data from JSON files...
2025-06-05 07:33:22,221 - INFO - datastructure - MainThread : patients.json not found. No patients loaded.
2025-06-05 07:33:22,221 - INFO - datastructure - MainThread : experiments.json not found. No experiments loaded.
2025-06-05 07:33:22,221 - INFO - datastructure - MainThread : data.json not found. No previous data points to consider for loading.
2025-06-05 07:33:22,221 - INFO - __main__ - MainThread : Initial data loaded from files (if any existed).
2025-06-05 07:33:22,221 - INFO - __main__ - MainThread : Service will run on host 0.0.0.0, port 5000
2025-06-05 07:33:22,232 - WARNING - werkzeug - MainThread :  * Debugger is active!
2025-06-05 07:33:22,235 - INFO - werkzeug - MainThread :  * Debugger PIN: 104-987-032
2025-06-05 07:33:41,345 - INFO - __main__ - Thread-8 (process_request_thread) : User 'user' authenticated successfully.
2025-06-05 07:33:41,345 - INFO - __main__ - Thread-8 (process_request_thread) : 'index' endpoint called by user: user.
2025-06-05 07:33:41,345 - INFO - werkzeug - Thread-8 (process_request_thread) : 127.0.0.1 - - [05/Jun/2025 07:33:41] "GET / HTTP/1.1" 200 -
2025-06-05 07:34:28,240 - INFO - __main__ - Thread-9 (process_request_thread) : User 'user' authenticated successfully.
2025-06-05 07:34:28,240 - DEBUG - datastructure - Thread-9 (process_request_thread) : DataStorage __init__ called.
2025-06-05 07:34:28,240 - INFO - __main__ - Thread-9 (process_request_thread) : 'patient_action_route' POST request by 'user'.
2025-06-05 07:34:28,240 - DEBUG - idgenerator - Thread-9 (process_request_thread) : AlphaNumericIDGenerator created ID: bf9eb35c-41ce-11f0-b73e-9b1ea4d95ba0
2025-06-05 07:34:28,240 - DEBUG - datastructure - Thread-9 (process_request_thread) : Patient initialized/updated: {'name': 'John Doe', 'id': 'bf9eb35c-41ce-11f0-b73e-9b1ea4d95ba0'}
2025-06-05 07:34:28,240 - INFO - datastructure - Thread-9 (process_request_thread) : Patient added: ID 'bf9eb35c-41ce-11f0-b73e-9b1ea4d95ba0', Name 'John Doe'
2025-06-05 07:34:28,240 - INFO - __main__ - Thread-9 (process_request_thread) : Patient 'John Doe' (ID: bf9eb35c-41ce-11f0-b73e-9b1ea4d95ba0) created by 'user'.
2025-06-05 07:34:28,240 - INFO - werkzeug - Thread-9 (process_request_thread) : 127.0.0.1 - - [05/Jun/2025 07:34:28] "[35m[1mPOST /patient HTTP/1.1[0m" 201 -
2025-06-05 07:34:56,161 - INFO - __main__ - Thread-10 (process_request_thread) : User 'user' authenticated successfully.
2025-06-05 07:34:56,161 - DEBUG - datastructure - Thread-10 (process_request_thread) : DataStorage __init__ called.
2025-06-05 07:34:56,161 - DEBUG - datastructure - Thread-10 (process_request_thread) : Patient retrieved: ID 'bf9eb35c-41ce-11f0-b73e-9b1ea4d95ba0'
2025-06-05 07:34:56,161 - INFO - __main__ - Thread-10 (process_request_thread) : Patient with ID 'bf9eb35c-41ce-11f0-b73e-9b1ea4d95ba0' retrieved successfully.
2025-06-05 07:34:56,161 - INFO - werkzeug - Thread-10 (process_request_thread) : 127.0.0.1 - - [05/Jun/2025 07:34:56] "GET /patient/bf9eb35c-41ce-11f0-b73e-9b1ea4d95ba0 HTTP/1.1" 200 -
2025-06-05 07:39:55,388 - INFO - __main__ - Thread-11 (process_request_thread) : User 'user' authenticated successfully.
2025-06-05 07:39:55,388 - DEBUG - datastructure - Thread-11 (process_request_thread) : DataStorage __init__ called.
2025-06-05 07:39:55,388 - DEBUG - datastructure - Thread-11 (process_request_thread) : Patient retrieved: ID 'bf9eb35c-41ce-11f0-b73e-9b1ea4d95ba0'
2025-06-05 07:39:55,388 - INFO - __main__ - Thread-11 (process_request_thread) : 'specific_patient_actions' PUT request for patient ID 'bf9eb35c-41ce-11f0-b73e-9b1ea4d95ba0' by 'user'.
2025-06-05 07:39:55,534 - INFO - datastructure - Thread-11 (process_request_thread) : Storing data to JSON files...
2025-06-05 07:39:55,537 - INFO - datastructure - Thread-11 (process_request_thread) : 1 patients stored in patients.json
2025-06-05 07:39:55,539 - INFO - datastructure - Thread-11 (process_request_thread) : 0 experiments stored in experiments.json
2025-06-05 07:39:55,541 - INFO - datastructure - Thread-11 (process_request_thread) : 0 data points stored in data.json
2025-06-05 07:39:55,541 - INFO - datastructure - Thread-11 (process_request_thread) : In-memory data points list cleared after storing.
2025-06-05 07:39:55,542 - INFO - __main__ - Thread-11 (process_request_thread) : Patient with ID 'bf9eb35c-41ce-11f0-b73e-9b1ea4d95ba0' updated successfully.
2025-06-05 07:39:55,543 - INFO - werkzeug - Thread-11 (process_request_thread) : 127.0.0.1 - - [05/Jun/2025 07:39:55] "PUT /patient/bf9eb35c-41ce-11f0-b73e-9b1ea4d95ba0 HTTP/1.1" 200 -
2025-06-05 07:42:07,687 - INFO - werkzeug - Thread-12 (process_request_thread) : 127.0.0.1 - - [05/Jun/2025 07:42:07] "[33mGET /patient/bf9eb35c-41ce-11f0-b73e-9b1ea4d95ba0/data HTTP/1.1[0m" 404 -
2025-06-05 07:42:13,530 - INFO - __main__ - Thread-13 (process_request_thread) : User 'user' authenticated successfully.
2025-06-05 07:42:13,530 - DEBUG - datastructure - Thread-13 (process_request_thread) : DataStorage __init__ called.
2025-06-05 07:42:13,530 - DEBUG - datastructure - Thread-13 (process_request_thread) : Patient retrieved: ID 'bf9eb35c-41ce-11f0-b73e-9b1ea4d95ba0'
2025-06-05 07:42:13,530 - INFO - __main__ - Thread-13 (process_request_thread) : Patient with ID 'bf9eb35c-41ce-11f0-b73e-9b1ea4d95ba0' retrieved successfully.
2025-06-05 07:42:13,531 - INFO - werkzeug - Thread-13 (process_request_thread) : 127.0.0.1 - - [05/Jun/2025 07:42:13] "GET /patient/bf9eb35c-41ce-11f0-b73e-9b1ea4d95ba0 HTTP/1.1" 200 -
2025-06-05 07:55:50,913 - INFO - werkzeug - Thread-1 :  * Detected change in 'C:\\Users\\John Arellano\\PycharmProjects\\msd_2025_j.arellano\\Module07_Assignment\\Data_Collection_Exercise\\backendservice-main-src\\app.py', reloading
2025-06-05 07:55:50,913 - INFO - werkzeug - Thread-1 :  * Detected change in 'C:\\Users\\John Arellano\\PycharmProjects\\msd_2025_j.arellano\\Module07_Assignment\\Data_Collection_Exercise\\backendservice-main-src\\app.py', reloading
2025-06-05 07:55:50,913 - INFO - werkzeug - Thread-1 :  * Detected change in 'C:\\Users\\John Arellano\\PycharmProjects\\msd_2025_j.arellano\\Module07_Assignment\\Data_Collection_Exercise\\backendservice-main-src\\app.py', reloading
2025-06-05 07:55:50,915 - INFO - werkzeug - Thread-1 :  * Detected change in 'C:\\Users\\John Arellano\\PycharmProjects\\msd_2025_j.arellano\\Module07_Assignment\\Data_Collection_Exercise\\backendservice-main-src\\app.py', reloading
2025-06-05 07:55:51,843 - INFO - werkzeug - MainThread :  * Restarting with watchdog (windowsapi)
2025-06-05 07:58:36,514 - INFO - __main__ - MainThread : Attempting to load environment from: C:\Users\John Arellano\PycharmProjects\msd_2025_j.arellano\Module07_Assignment\Data_Collection_Exercise\backendservice-main-src\dev_env.json
2025-06-05 07:58:36,515 - INFO - __main__ - MainThread : Environment variables loaded: {'database_url': 'pq.fhnw.ch', 'database_port': '5432', 'database_username': 'dbusername_dev', 'database_password': 'dbpassword_dev', 'log_level': 'debug'}
2025-06-05 07:58:36,515 - INFO - __main__ - MainThread : Log level set to: DEBUG
2025-06-05 07:58:36,518 - INFO - __main__ - MainThread : Starting Data Collection Service...
2025-06-05 07:58:36,519 - INFO - datastructure - MainThread : Creating new DataStorage instance.
2025-06-05 07:58:36,519 - DEBUG - datastructure - MainThread : DataStorage __init__ called.
2025-06-05 07:58:36,519 - INFO - datastructure - MainThread : Attempting to load data from JSON files...
2025-06-05 07:58:36,519 - DEBUG - datastructure - MainThread : Patient initialized/updated: {'name': 'John Doe', 'id': 'bf9eb35c-41ce-11f0-b73e-9b1ea4d95ba0', 'blood_pressure': '120/80', 'heart_rate': 70}
2025-06-05 07:58:36,519 - INFO - datastructure - MainThread : 1 patients loaded from patients.json
2025-06-05 07:58:36,519 - INFO - datastructure - MainThread : 0 experiments loaded from experiments.json
2025-06-05 07:58:36,519 - INFO - datastructure - MainThread : data.json exists. Data points are not re-loaded into memory by this function by default.
2025-06-05 07:58:36,520 - INFO - __main__ - MainThread : Initial data loaded from files (if any existed).
2025-06-05 07:58:36,520 - INFO - __main__ - MainThread : Service will run on host 0.0.0.0, port 5000
2025-06-05 07:58:36,556 - INFO - werkzeug - MainThread : [31m[1mWARNING: This is a development server. Do not use it in a production deployment. Use a production WSGI server instead.[0m
 * Running on all addresses (0.0.0.0)
 * Running on http://127.0.0.1:5000
 * Running on http://192.168.0.168:5000
2025-06-05 07:58:36,556 - INFO - werkzeug - MainThread : [33mPress CTRL+C to quit[0m
2025-06-05 07:58:36,564 - INFO - werkzeug - MainThread :  * Restarting with watchdog (windowsapi)
2025-06-05 07:58:37,309 - INFO - __main__ - MainThread : Attempting to load environment from: C:\Users\John Arellano\PycharmProjects\msd_2025_j.arellano\Module07_Assignment\Data_Collection_Exercise\backendservice-main-src\dev_env.json
2025-06-05 07:58:37,309 - INFO - __main__ - MainThread : Environment variables loaded: {'database_url': 'pq.fhnw.ch', 'database_port': '5432', 'database_username': 'dbusername_dev', 'database_password': 'dbpassword_dev', 'log_level': 'debug'}
2025-06-05 07:58:37,309 - INFO - __main__ - MainThread : Log level set to: DEBUG
2025-06-05 07:58:37,313 - INFO - __main__ - MainThread : Starting Data Collection Service...
2025-06-05 07:58:37,313 - INFO - datastructure - MainThread : Creating new DataStorage instance.
2025-06-05 07:58:37,313 - DEBUG - datastructure - MainThread : DataStorage __init__ called.
2025-06-05 07:58:37,313 - INFO - datastructure - MainThread : Attempting to load data from JSON files...
2025-06-05 07:58:37,313 - DEBUG - datastructure - MainThread : Patient initialized/updated: {'name': 'John Doe', 'id': 'bf9eb35c-41ce-11f0-b73e-9b1ea4d95ba0', 'blood_pressure': '120/80', 'heart_rate': 70}
2025-06-05 07:58:37,313 - INFO - datastructure - MainThread : 1 patients loaded from patients.json
2025-06-05 07:58:37,313 - INFO - datastructure - MainThread : 0 experiments loaded from experiments.json
2025-06-05 07:58:37,313 - INFO - datastructure - MainThread : data.json exists. Data points are not re-loaded into memory by this function by default.
2025-06-05 07:58:37,313 - INFO - __main__ - MainThread : Initial data loaded from files (if any existed).
2025-06-05 07:58:37,314 - INFO - __main__ - MainThread : Service will run on host 0.0.0.0, port 5000
2025-06-05 07:58:37,322 - WARNING - werkzeug - MainThread :  * Debugger is active!
2025-06-05 07:58:37,326 - INFO - werkzeug - MainThread :  * Debugger PIN: 104-987-032
2025-06-05 07:58:48,555 - INFO - __main__ - Thread-8 (process_request_thread) : User 'user' authenticated successfully.
2025-06-05 07:58:48,555 - INFO - __main__ - Thread-8 (process_request_thread) : 'index' endpoint called by user: user.
2025-06-05 07:58:48,556 - INFO - werkzeug - Thread-8 (process_request_thread) : 127.0.0.1 - - [05/Jun/2025 07:58:48] "GET / HTTP/1.1" 200 -
2025-06-05 07:59:38,268 - INFO - __main__ - Thread-9 (process_request_thread) : User 'user' authenticated successfully.
2025-06-05 07:59:38,268 - DEBUG - datastructure - Thread-9 (process_request_thread) : DataStorage __init__ called.
2025-06-05 07:59:38,268 - INFO - __main__ - Thread-9 (process_request_thread) : 'patient_action_route' POST request by 'user'.
2025-06-05 07:59:38,269 - ERROR - __main__ - Thread-9 (process_request_thread) : Error creating patient: Patient.__init__() got multiple values for argument 'name'
Traceback (most recent call last):
  File "C:\Users\John Arellano\PycharmProjects\msd_2025_j.arellano\Module07_Assignment\Data_Collection_Exercise\backendservice-main-src\app.py", line 244, in patient_action_route
    patient_obj = datastructure.Patient(name, **body)
                  ^^^^^^^^^^^^^^^^^^^^^^^^^^^^^^^^^^^
TypeError: Patient.__init__() got multiple values for argument 'name'
2025-06-05 07:59:38,269 - INFO - werkzeug - Thread-9 (process_request_thread) : 127.0.0.1 - - [05/Jun/2025 07:59:38] "[35m[1mPOST /patient HTTP/1.1[0m" 500 -
2025-06-05 08:00:09,163 - INFO - __main__ - Thread-10 (process_request_thread) : User 'user' authenticated successfully.
2025-06-05 08:00:09,163 - DEBUG - datastructure - Thread-10 (process_request_thread) : DataStorage __init__ called.
2025-06-05 08:00:09,163 - INFO - __main__ - Thread-10 (process_request_thread) : 'patient_action_route' POST request by 'user'.
2025-06-05 08:00:09,163 - ERROR - __main__ - Thread-10 (process_request_thread) : Error creating patient: Patient.__init__() got multiple values for argument 'name'
Traceback (most recent call last):
  File "C:\Users\John Arellano\PycharmProjects\msd_2025_j.arellano\Module07_Assignment\Data_Collection_Exercise\backendservice-main-src\app.py", line 244, in patient_action_route
    patient_obj = datastructure.Patient(name, **body)
                  ^^^^^^^^^^^^^^^^^^^^^^^^^^^^^^^^^^^
TypeError: Patient.__init__() got multiple values for argument 'name'
2025-06-05 08:00:09,163 - INFO - werkzeug - Thread-10 (process_request_thread) : 127.0.0.1 - - [05/Jun/2025 08:00:09] "[35m[1mPOST /patient HTTP/1.1[0m" 500 -
2025-06-05 08:00:42,474 - INFO - werkzeug - Thread-1 :  * Detected change in 'C:\\Users\\John Arellano\\PycharmProjects\\msd_2025_j.arellano\\Module07_Assignment\\Data_Collection_Exercise\\backendservice-main-src\\app.py', reloading
2025-06-05 08:00:42,476 - INFO - werkzeug - Thread-1 :  * Detected change in 'C:\\Users\\John Arellano\\PycharmProjects\\msd_2025_j.arellano\\Module07_Assignment\\Data_Collection_Exercise\\backendservice-main-src\\app.py', reloading
2025-06-05 08:00:42,476 - INFO - werkzeug - Thread-1 :  * Detected change in 'C:\\Users\\John Arellano\\PycharmProjects\\msd_2025_j.arellano\\Module07_Assignment\\Data_Collection_Exercise\\backendservice-main-src\\app.py', reloading
2025-06-05 08:00:42,967 - INFO - werkzeug - MainThread :  * Restarting with watchdog (windowsapi)
2025-06-05 08:01:19,148 - INFO - __main__ - MainThread : Attempting to load environment from: C:\Users\John Arellano\PycharmProjects\msd_2025_j.arellano\Module07_Assignment\Data_Collection_Exercise\backendservice-main-src\dev_env.json
2025-06-05 08:01:19,148 - INFO - __main__ - MainThread : Environment variables loaded: {'database_url': 'pq.fhnw.ch', 'database_port': '5432', 'database_username': 'dbusername_dev', 'database_password': 'dbpassword_dev', 'log_level': 'debug'}
2025-06-05 08:01:19,148 - INFO - __main__ - MainThread : Log level set to: DEBUG
2025-06-05 08:01:19,153 - INFO - __main__ - MainThread : Starting Data Collection Service...
2025-06-05 08:01:19,153 - INFO - datastructure - MainThread : Creating new DataStorage instance.
2025-06-05 08:01:19,153 - DEBUG - datastructure - MainThread : DataStorage __init__ called.
2025-06-05 08:01:19,153 - INFO - datastructure - MainThread : Attempting to load data from JSON files...
2025-06-05 08:01:19,153 - DEBUG - datastructure - MainThread : Patient initialized/updated: {'name': 'John Doe', 'id': 'bf9eb35c-41ce-11f0-b73e-9b1ea4d95ba0', 'blood_pressure': '120/80', 'heart_rate': 70}
2025-06-05 08:01:19,154 - INFO - datastructure - MainThread : 1 patients loaded from patients.json
2025-06-05 08:01:19,154 - INFO - datastructure - MainThread : 0 experiments loaded from experiments.json
2025-06-05 08:01:19,154 - INFO - datastructure - MainThread : data.json exists. Data points are not re-loaded into memory by this function by default.
2025-06-05 08:01:19,154 - INFO - __main__ - MainThread : Initial data loaded from files (if any existed).
2025-06-05 08:01:19,154 - INFO - __main__ - MainThread : Service will run on host 0.0.0.0, port 5000
2025-06-05 08:01:19,183 - INFO - werkzeug - MainThread : [31m[1mWARNING: This is a development server. Do not use it in a production deployment. Use a production WSGI server instead.[0m
 * Running on all addresses (0.0.0.0)
 * Running on http://127.0.0.1:5000
 * Running on http://192.168.0.168:5000
2025-06-05 08:01:19,183 - INFO - werkzeug - MainThread : [33mPress CTRL+C to quit[0m
2025-06-05 08:01:19,191 - INFO - werkzeug - MainThread :  * Restarting with watchdog (windowsapi)
2025-06-05 08:01:19,886 - INFO - __main__ - MainThread : Attempting to load environment from: C:\Users\John Arellano\PycharmProjects\msd_2025_j.arellano\Module07_Assignment\Data_Collection_Exercise\backendservice-main-src\dev_env.json
2025-06-05 08:01:19,887 - INFO - __main__ - MainThread : Environment variables loaded: {'database_url': 'pq.fhnw.ch', 'database_port': '5432', 'database_username': 'dbusername_dev', 'database_password': 'dbpassword_dev', 'log_level': 'debug'}
2025-06-05 08:01:19,887 - INFO - __main__ - MainThread : Log level set to: DEBUG
2025-06-05 08:01:19,890 - INFO - __main__ - MainThread : Starting Data Collection Service...
2025-06-05 08:01:19,890 - INFO - datastructure - MainThread : Creating new DataStorage instance.
2025-06-05 08:01:19,890 - DEBUG - datastructure - MainThread : DataStorage __init__ called.
2025-06-05 08:01:19,890 - INFO - datastructure - MainThread : Attempting to load data from JSON files...
2025-06-05 08:01:19,890 - DEBUG - datastructure - MainThread : Patient initialized/updated: {'name': 'John Doe', 'id': 'bf9eb35c-41ce-11f0-b73e-9b1ea4d95ba0', 'blood_pressure': '120/80', 'heart_rate': 70}
2025-06-05 08:01:19,890 - INFO - datastructure - MainThread : 1 patients loaded from patients.json
2025-06-05 08:01:19,891 - INFO - datastructure - MainThread : 0 experiments loaded from experiments.json
2025-06-05 08:01:19,891 - INFO - datastructure - MainThread : data.json exists. Data points are not re-loaded into memory by this function by default.
2025-06-05 08:01:19,891 - INFO - __main__ - MainThread : Initial data loaded from files (if any existed).
2025-06-05 08:01:19,891 - INFO - __main__ - MainThread : Service will run on host 0.0.0.0, port 5000
2025-06-05 08:01:19,898 - WARNING - werkzeug - MainThread :  * Debugger is active!
2025-06-05 08:01:19,902 - INFO - werkzeug - MainThread :  * Debugger PIN: 104-987-032
2025-06-05 08:01:29,478 - INFO - __main__ - Thread-8 (process_request_thread) : User 'user' authenticated successfully.
2025-06-05 08:01:29,478 - INFO - __main__ - Thread-8 (process_request_thread) : 'index' endpoint called by user: user.
2025-06-05 08:01:29,478 - INFO - werkzeug - Thread-8 (process_request_thread) : 127.0.0.1 - - [05/Jun/2025 08:01:29] "GET / HTTP/1.1" 200 -
2025-06-05 08:01:46,252 - INFO - __main__ - Thread-9 (process_request_thread) : User 'user' authenticated successfully.
2025-06-05 08:01:46,252 - DEBUG - datastructure - Thread-9 (process_request_thread) : DataStorage __init__ called.
2025-06-05 08:01:46,252 - INFO - __main__ - Thread-9 (process_request_thread) : 'patient_action_route' POST request by 'user'.
2025-06-05 08:01:46,252 - ERROR - __main__ - Thread-9 (process_request_thread) : Error creating patient: Patient.__init__() got multiple values for argument 'name'
Traceback (most recent call last):
  File "C:\Users\John Arellano\PycharmProjects\msd_2025_j.arellano\Module07_Assignment\Data_Collection_Exercise\backendservice-main-src\app.py", line 244, in patient_action_route
    patient_obj = datastructure.Patient(name, **body)
                  ^^^^^^^^^^^^^^^^^^^^^^^^^^^^^^^^^^^
TypeError: Patient.__init__() got multiple values for argument 'name'
2025-06-05 08:01:46,254 - INFO - werkzeug - Thread-9 (process_request_thread) : 127.0.0.1 - - [05/Jun/2025 08:01:46] "[35m[1mPOST /patient HTTP/1.1[0m" 500 -
2025-06-05 08:02:04,929 - INFO - __main__ - Thread-10 (process_request_thread) : User 'user' authenticated successfully.
2025-06-05 08:02:04,929 - DEBUG - datastructure - Thread-10 (process_request_thread) : DataStorage __init__ called.
2025-06-05 08:02:04,929 - INFO - __main__ - Thread-10 (process_request_thread) : 'patient_action_route' POST request by 'user'.
2025-06-05 08:02:04,929 - ERROR - __main__ - Thread-10 (process_request_thread) : Error creating patient: Patient.__init__() got multiple values for argument 'name'
Traceback (most recent call last):
  File "C:\Users\John Arellano\PycharmProjects\msd_2025_j.arellano\Module07_Assignment\Data_Collection_Exercise\backendservice-main-src\app.py", line 244, in patient_action_route
    patient_obj = datastructure.Patient(name, **body)
                  ^^^^^^^^^^^^^^^^^^^^^^^^^^^^^^^^^^^
TypeError: Patient.__init__() got multiple values for argument 'name'
2025-06-05 08:02:04,930 - INFO - werkzeug - Thread-10 (process_request_thread) : 127.0.0.1 - - [05/Jun/2025 08:02:04] "[35m[1mPOST /patient HTTP/1.1[0m" 500 -
2025-06-05 08:02:12,956 - INFO - __main__ - MainThread : Data Collection Service stopped.
2025-06-05 08:02:13,042 - INFO - __main__ - MainThread : Data Collection Service stopped.
2025-06-05 08:02:17,190 - INFO - __main__ - MainThread : Attempting to load environment from: C:\Users\John Arellano\PycharmProjects\msd_2025_j.arellano\Module07_Assignment\Data_Collection_Exercise\backendservice-main-src\dev_env.json
2025-06-05 08:02:17,190 - INFO - __main__ - MainThread : Environment variables loaded: {'database_url': 'pq.fhnw.ch', 'database_port': '5432', 'database_username': 'dbusername_dev', 'database_password': 'dbpassword_dev', 'log_level': 'debug'}
2025-06-05 08:02:17,190 - INFO - __main__ - MainThread : Log level set to: DEBUG
2025-06-05 08:02:17,193 - INFO - __main__ - MainThread : Starting Data Collection Service...
2025-06-05 08:02:17,193 - INFO - datastructure - MainThread : Creating new DataStorage instance.
2025-06-05 08:02:17,193 - DEBUG - datastructure - MainThread : DataStorage __init__ called.
2025-06-05 08:02:17,193 - INFO - datastructure - MainThread : Attempting to load data from JSON files...
2025-06-05 08:02:17,193 - DEBUG - datastructure - MainThread : Patient initialized/updated: {'name': 'John Doe', 'id': 'bf9eb35c-41ce-11f0-b73e-9b1ea4d95ba0', 'blood_pressure': '120/80', 'heart_rate': 70}
2025-06-05 08:02:17,195 - INFO - datastructure - MainThread : 1 patients loaded from patients.json
2025-06-05 08:02:17,195 - INFO - datastructure - MainThread : 0 experiments loaded from experiments.json
2025-06-05 08:02:17,195 - INFO - datastructure - MainThread : data.json exists. Data points are not re-loaded into memory by this function by default.
2025-06-05 08:02:17,195 - INFO - __main__ - MainThread : Initial data loaded from files (if any existed).
2025-06-05 08:02:17,195 - INFO - __main__ - MainThread : Service will run on host 0.0.0.0, port 5000
2025-06-05 08:02:17,223 - INFO - werkzeug - MainThread : [31m[1mWARNING: This is a development server. Do not use it in a production deployment. Use a production WSGI server instead.[0m
 * Running on all addresses (0.0.0.0)
 * Running on http://127.0.0.1:5000
 * Running on http://192.168.0.168:5000
2025-06-05 08:02:17,223 - INFO - werkzeug - MainThread : [33mPress CTRL+C to quit[0m
2025-06-05 08:02:17,231 - INFO - werkzeug - MainThread :  * Restarting with watchdog (windowsapi)
2025-06-05 08:02:17,931 - INFO - __main__ - MainThread : Attempting to load environment from: C:\Users\John Arellano\PycharmProjects\msd_2025_j.arellano\Module07_Assignment\Data_Collection_Exercise\backendservice-main-src\dev_env.json
2025-06-05 08:02:17,932 - INFO - __main__ - MainThread : Environment variables loaded: {'database_url': 'pq.fhnw.ch', 'database_port': '5432', 'database_username': 'dbusername_dev', 'database_password': 'dbpassword_dev', 'log_level': 'debug'}
2025-06-05 08:02:17,932 - INFO - __main__ - MainThread : Log level set to: DEBUG
2025-06-05 08:02:17,935 - INFO - __main__ - MainThread : Starting Data Collection Service...
2025-06-05 08:02:17,935 - INFO - datastructure - MainThread : Creating new DataStorage instance.
2025-06-05 08:02:17,935 - DEBUG - datastructure - MainThread : DataStorage __init__ called.
2025-06-05 08:02:17,935 - INFO - datastructure - MainThread : Attempting to load data from JSON files...
2025-06-05 08:02:17,935 - DEBUG - datastructure - MainThread : Patient initialized/updated: {'name': 'John Doe', 'id': 'bf9eb35c-41ce-11f0-b73e-9b1ea4d95ba0', 'blood_pressure': '120/80', 'heart_rate': 70}
2025-06-05 08:02:17,935 - INFO - datastructure - MainThread : 1 patients loaded from patients.json
2025-06-05 08:02:17,936 - INFO - datastructure - MainThread : 0 experiments loaded from experiments.json
2025-06-05 08:02:17,936 - INFO - datastructure - MainThread : data.json exists. Data points are not re-loaded into memory by this function by default.
2025-06-05 08:02:17,936 - INFO - __main__ - MainThread : Initial data loaded from files (if any existed).
2025-06-05 08:02:17,936 - INFO - __main__ - MainThread : Service will run on host 0.0.0.0, port 5000
2025-06-05 08:02:17,944 - WARNING - werkzeug - MainThread :  * Debugger is active!
2025-06-05 08:02:17,947 - INFO - werkzeug - MainThread :  * Debugger PIN: 104-987-032
2025-06-05 08:02:46,634 - INFO - __main__ - Thread-8 (process_request_thread) : User 'user' authenticated successfully.
2025-06-05 08:02:46,634 - INFO - __main__ - Thread-8 (process_request_thread) : 'index' endpoint called by user: user.
2025-06-05 08:02:46,635 - INFO - werkzeug - Thread-8 (process_request_thread) : 127.0.0.1 - - [05/Jun/2025 08:02:46] "GET / HTTP/1.1" 200 -
2025-06-05 08:04:01,666 - INFO - __main__ - MainThread : Data Collection Service stopped.
2025-06-05 08:04:01,750 - INFO - __main__ - MainThread : Data Collection Service stopped.
2025-06-05 08:04:02,691 - INFO - __main__ - MainThread : Attempting to load environment from: C:\Users\John Arellano\PycharmProjects\msd_2025_j.arellano\Module07_Assignment\Data_Collection_Exercise\backendservice-main-src\dev_env.json
2025-06-05 08:04:02,691 - INFO - __main__ - MainThread : Environment variables loaded: {'database_url': 'pq.fhnw.ch', 'database_port': '5432', 'database_username': 'dbusername_dev', 'database_password': 'dbpassword_dev', 'log_level': 'debug'}
2025-06-05 08:04:02,691 - INFO - __main__ - MainThread : Log level set to: DEBUG
2025-06-05 08:04:02,695 - INFO - __main__ - MainThread : Starting Data Collection Service...
2025-06-05 08:04:02,695 - INFO - datastructure - MainThread : Creating new DataStorage instance.
2025-06-05 08:04:02,695 - DEBUG - datastructure - MainThread : DataStorage __init__ called.
2025-06-05 08:04:02,695 - INFO - datastructure - MainThread : Attempting to load data from JSON files...
2025-06-05 08:04:02,695 - DEBUG - datastructure - MainThread : Patient initialized/updated: {'name': 'John Doe', 'id': 'bf9eb35c-41ce-11f0-b73e-9b1ea4d95ba0', 'blood_pressure': '120/80', 'heart_rate': 70}
2025-06-05 08:04:02,695 - INFO - datastructure - MainThread : 1 patients loaded from patients.json
2025-06-05 08:04:02,696 - INFO - datastructure - MainThread : 0 experiments loaded from experiments.json
2025-06-05 08:04:02,696 - INFO - datastructure - MainThread : data.json exists. Data points are not re-loaded into memory by this function by default.
2025-06-05 08:04:02,696 - INFO - __main__ - MainThread : Initial data loaded from files (if any existed).
2025-06-05 08:04:02,696 - INFO - __main__ - MainThread : Service will run on host 0.0.0.0, port 5000
2025-06-05 08:04:02,736 - INFO - werkzeug - MainThread : [31m[1mWARNING: This is a development server. Do not use it in a production deployment. Use a production WSGI server instead.[0m
 * Running on all addresses (0.0.0.0)
 * Running on http://127.0.0.1:5000
 * Running on http://192.168.0.168:5000
2025-06-05 08:04:02,736 - INFO - werkzeug - MainThread : [33mPress CTRL+C to quit[0m
2025-06-05 08:04:02,745 - INFO - werkzeug - MainThread :  * Restarting with watchdog (windowsapi)
2025-06-05 08:04:03,459 - INFO - __main__ - MainThread : Attempting to load environment from: C:\Users\John Arellano\PycharmProjects\msd_2025_j.arellano\Module07_Assignment\Data_Collection_Exercise\backendservice-main-src\dev_env.json
2025-06-05 08:04:03,460 - INFO - __main__ - MainThread : Environment variables loaded: {'database_url': 'pq.fhnw.ch', 'database_port': '5432', 'database_username': 'dbusername_dev', 'database_password': 'dbpassword_dev', 'log_level': 'debug'}
2025-06-05 08:04:03,460 - INFO - __main__ - MainThread : Log level set to: DEBUG
2025-06-05 08:04:03,463 - INFO - __main__ - MainThread : Starting Data Collection Service...
2025-06-05 08:04:03,463 - INFO - datastructure - MainThread : Creating new DataStorage instance.
2025-06-05 08:04:03,463 - DEBUG - datastructure - MainThread : DataStorage __init__ called.
2025-06-05 08:04:03,463 - INFO - datastructure - MainThread : Attempting to load data from JSON files...
2025-06-05 08:04:03,463 - DEBUG - datastructure - MainThread : Patient initialized/updated: {'name': 'John Doe', 'id': 'bf9eb35c-41ce-11f0-b73e-9b1ea4d95ba0', 'blood_pressure': '120/80', 'heart_rate': 70}
2025-06-05 08:04:03,463 - INFO - datastructure - MainThread : 1 patients loaded from patients.json
2025-06-05 08:04:03,463 - INFO - datastructure - MainThread : 0 experiments loaded from experiments.json
2025-06-05 08:04:03,463 - INFO - datastructure - MainThread : data.json exists. Data points are not re-loaded into memory by this function by default.
2025-06-05 08:04:03,463 - INFO - __main__ - MainThread : Initial data loaded from files (if any existed).
2025-06-05 08:04:03,463 - INFO - __main__ - MainThread : Service will run on host 0.0.0.0, port 5000
2025-06-05 08:04:03,471 - WARNING - werkzeug - MainThread :  * Debugger is active!
2025-06-05 08:04:03,475 - INFO - werkzeug - MainThread :  * Debugger PIN: 104-987-032
2025-06-05 08:04:05,779 - INFO - __main__ - Thread-8 (process_request_thread) : User 'user' authenticated successfully.
2025-06-05 08:04:05,779 - INFO - __main__ - Thread-8 (process_request_thread) : 'index' endpoint called by user: user.
2025-06-05 08:04:05,779 - INFO - werkzeug - Thread-8 (process_request_thread) : 127.0.0.1 - - [05/Jun/2025 08:04:05] "GET / HTTP/1.1" 200 -
2025-06-05 08:04:13,580 - INFO - werkzeug - Thread-10 (process_request_thread) : 127.0.0.1 - - [05/Jun/2025 08:04:13] "[31m[1mPOST / HTTP/1.1[0m" 405 -
2025-06-05 08:04:25,170 - INFO - __main__ - Thread-11 (process_request_thread) : User 'user' authenticated successfully.
2025-06-05 08:04:25,170 - INFO - __main__ - Thread-11 (process_request_thread) : 'index' endpoint called by user: user.
2025-06-05 08:04:25,170 - INFO - werkzeug - Thread-11 (process_request_thread) : 127.0.0.1 - - [05/Jun/2025 08:04:25] "GET / HTTP/1.1" 200 -
2025-06-05 08:04:41,121 - INFO - __main__ - Thread-12 (process_request_thread) : User 'user' authenticated successfully.
2025-06-05 08:04:41,121 - DEBUG - datastructure - Thread-12 (process_request_thread) : DataStorage __init__ called.
2025-06-05 08:04:41,121 - INFO - __main__ - Thread-12 (process_request_thread) : 'patient_action_route' POST request by 'user'.
2025-06-05 08:04:41,121 - ERROR - __main__ - Thread-12 (process_request_thread) : Error creating patient: Patient.__init__() got multiple values for argument 'name'
Traceback (most recent call last):
  File "C:\Users\John Arellano\PycharmProjects\msd_2025_j.arellano\Module07_Assignment\Data_Collection_Exercise\backendservice-main-src\app.py", line 244, in patient_action_route
    patient_obj = datastructure.Patient(name, **body)
                  ^^^^^^^^^^^^^^^^^^^^^^^^^^^^^^^^^^^
TypeError: Patient.__init__() got multiple values for argument 'name'
2025-06-05 08:04:41,122 - INFO - werkzeug - Thread-12 (process_request_thread) : 127.0.0.1 - - [05/Jun/2025 08:04:41] "[35m[1mPOST /patient HTTP/1.1[0m" 500 -
2025-06-05 08:08:34,466 - INFO - __main__ - MainThread : Data Collection Service stopped.
2025-06-05 08:08:34,546 - INFO - __main__ - MainThread : Data Collection Service stopped.
2025-06-05 08:08:36,066 - INFO - __main__ - MainThread : Attempting to load environment from: C:\Users\John Arellano\PycharmProjects\msd_2025_j.arellano\Module07_Assignment\Data_Collection_Exercise\backendservice-main-src\dev_env.json
2025-06-05 08:08:36,066 - INFO - __main__ - MainThread : Environment variables loaded: {'database_url': 'pq.fhnw.ch', 'database_port': '5432', 'database_username': 'dbusername_dev', 'database_password': 'dbpassword_dev', 'log_level': 'debug'}
2025-06-05 08:08:36,066 - INFO - __main__ - MainThread : Log level set to: DEBUG
2025-06-05 08:08:36,070 - INFO - __main__ - MainThread : Starting Data Collection Service...
2025-06-05 08:08:36,070 - INFO - datastructure - MainThread : Creating new DataStorage instance.
2025-06-05 08:08:36,070 - DEBUG - datastructure - MainThread : DataStorage __init__ called.
2025-06-05 08:08:36,070 - INFO - datastructure - MainThread : Attempting to load data from JSON files...
2025-06-05 08:08:36,070 - DEBUG - datastructure - MainThread : Patient initialized/updated: {'name': 'John Doe', 'id': 'bf9eb35c-41ce-11f0-b73e-9b1ea4d95ba0', 'blood_pressure': '120/80', 'heart_rate': 70}
2025-06-05 08:08:36,070 - INFO - datastructure - MainThread : 1 patients loaded from patients.json
2025-06-05 08:08:36,070 - INFO - datastructure - MainThread : 0 experiments loaded from experiments.json
2025-06-05 08:08:36,070 - INFO - datastructure - MainThread : data.json exists. Data points are not re-loaded into memory by this function by default.
2025-06-05 08:08:36,070 - INFO - __main__ - MainThread : Initial data loaded from files (if any existed).
2025-06-05 08:08:36,071 - INFO - __main__ - MainThread : Service will run on host 0.0.0.0, port 5000
2025-06-05 08:08:36,103 - INFO - werkzeug - MainThread : [31m[1mWARNING: This is a development server. Do not use it in a production deployment. Use a production WSGI server instead.[0m
 * Running on all addresses (0.0.0.0)
 * Running on http://127.0.0.1:5000
 * Running on http://192.168.0.168:5000
2025-06-05 08:08:36,103 - INFO - werkzeug - MainThread : [33mPress CTRL+C to quit[0m
2025-06-05 08:08:36,109 - INFO - werkzeug - MainThread :  * Restarting with watchdog (windowsapi)
2025-06-05 08:08:36,938 - INFO - __main__ - MainThread : Attempting to load environment from: C:\Users\John Arellano\PycharmProjects\msd_2025_j.arellano\Module07_Assignment\Data_Collection_Exercise\backendservice-main-src\dev_env.json
2025-06-05 08:08:36,938 - INFO - __main__ - MainThread : Environment variables loaded: {'database_url': 'pq.fhnw.ch', 'database_port': '5432', 'database_username': 'dbusername_dev', 'database_password': 'dbpassword_dev', 'log_level': 'debug'}
2025-06-05 08:08:36,939 - INFO - __main__ - MainThread : Log level set to: DEBUG
2025-06-05 08:08:36,942 - INFO - __main__ - MainThread : Starting Data Collection Service...
2025-06-05 08:08:36,942 - INFO - datastructure - MainThread : Creating new DataStorage instance.
2025-06-05 08:08:36,942 - DEBUG - datastructure - MainThread : DataStorage __init__ called.
2025-06-05 08:08:36,942 - INFO - datastructure - MainThread : Attempting to load data from JSON files...
2025-06-05 08:08:36,942 - DEBUG - datastructure - MainThread : Patient initialized/updated: {'name': 'John Doe', 'id': 'bf9eb35c-41ce-11f0-b73e-9b1ea4d95ba0', 'blood_pressure': '120/80', 'heart_rate': 70}
2025-06-05 08:08:36,942 - INFO - datastructure - MainThread : 1 patients loaded from patients.json
2025-06-05 08:08:36,943 - INFO - datastructure - MainThread : 0 experiments loaded from experiments.json
2025-06-05 08:08:36,943 - INFO - datastructure - MainThread : data.json exists. Data points are not re-loaded into memory by this function by default.
2025-06-05 08:08:36,943 - INFO - __main__ - MainThread : Initial data loaded from files (if any existed).
2025-06-05 08:08:36,943 - INFO - __main__ - MainThread : Service will run on host 0.0.0.0, port 5000
2025-06-05 08:08:36,951 - WARNING - werkzeug - MainThread :  * Debugger is active!
2025-06-05 08:08:36,956 - INFO - werkzeug - MainThread :  * Debugger PIN: 104-987-032
2025-06-05 08:08:46,171 - INFO - __main__ - Thread-8 (process_request_thread) : User 'user' authenticated successfully.
2025-06-05 08:08:46,172 - INFO - __main__ - Thread-8 (process_request_thread) : 'index' endpoint called by user: user.
2025-06-05 08:08:46,172 - INFO - werkzeug - Thread-8 (process_request_thread) : 127.0.0.1 - - [05/Jun/2025 08:08:46] "GET / HTTP/1.1" 200 -
2025-06-05 08:08:58,201 - INFO - __main__ - Thread-9 (process_request_thread) : User 'user' authenticated successfully.
2025-06-05 08:08:58,202 - DEBUG - datastructure - Thread-9 (process_request_thread) : DataStorage __init__ called.
2025-06-05 08:08:58,202 - INFO - __main__ - Thread-9 (process_request_thread) : 'patient_action_route' POST request by 'user'.
2025-06-05 08:08:58,202 - DEBUG - idgenerator - Thread-9 (process_request_thread) : AlphaNumericIDGenerator created ID: 9169e4a1-41d3-11f0-9b45-9b1ea4d95ba0
2025-06-05 08:08:58,202 - DEBUG - datastructure - Thread-9 (process_request_thread) : Patient initialized/updated: {'name': 'John Doe', 'id': '9169e4a1-41d3-11f0-9b45-9b1ea4d95ba0', 'age': 30}
2025-06-05 08:08:58,202 - INFO - datastructure - Thread-9 (process_request_thread) : Patient added: ID '9169e4a1-41d3-11f0-9b45-9b1ea4d95ba0', Name 'John Doe'
2025-06-05 08:08:58,202 - INFO - __main__ - Thread-9 (process_request_thread) : Patient 'John Doe' (ID: 9169e4a1-41d3-11f0-9b45-9b1ea4d95ba0) created by 'user'. Additional attributes: {'age': 30}
2025-06-05 08:08:58,202 - INFO - werkzeug - Thread-9 (process_request_thread) : 127.0.0.1 - - [05/Jun/2025 08:08:58] "[35m[1mPOST /patient HTTP/1.1[0m" 201 -
2025-06-05 08:09:20,163 - INFO - __main__ - Thread-10 (process_request_thread) : User 'user' authenticated successfully.
2025-06-05 08:09:20,163 - DEBUG - datastructure - Thread-10 (process_request_thread) : DataStorage __init__ called.
2025-06-05 08:09:20,163 - DEBUG - datastructure - Thread-10 (process_request_thread) : Patient retrieved: ID '9169e4a1-41d3-11f0-9b45-9b1ea4d95ba0'
2025-06-05 08:09:20,165 - INFO - __main__ - Thread-10 (process_request_thread) : Patient with ID '9169e4a1-41d3-11f0-9b45-9b1ea4d95ba0' retrieved successfully.
2025-06-05 08:09:20,165 - INFO - werkzeug - Thread-10 (process_request_thread) : 127.0.0.1 - - [05/Jun/2025 08:09:20] "GET /patient/9169e4a1-41d3-11f0-9b45-9b1ea4d95ba0 HTTP/1.1" 200 -
2025-06-05 08:10:17,257 - INFO - __main__ - Thread-11 (process_request_thread) : User 'user' authenticated successfully.
2025-06-05 08:10:17,398 - INFO - __main__ - Thread-11 (process_request_thread) : 'add_data_point_for_patient' POST request for patient ID '9169e4a1-41d3-11f0-9b45-9b1ea4d95ba0' by 'user'. Raw data: b'{\r\n        "blood_pressure": "120/80",\r\n        "heart_rate": 70\r\n    }'
2025-06-05 08:10:17,399 - DEBUG - datastructure - Thread-11 (process_request_thread) : DataStorage __init__ called.
2025-06-05 08:10:17,399 - DEBUG - datastructure - Thread-11 (process_request_thread) : Patient retrieved: ID '9169e4a1-41d3-11f0-9b45-9b1ea4d95ba0'
2025-06-05 08:10:17,402 - DEBUG - __main__ - Thread-11 (process_request_thread) : 'add_data_point_for_patient' request body for patient '9169e4a1-41d3-11f0-9b45-9b1ea4d95ba0': {'blood_pressure': '120/80', 'heart_rate': 70}
2025-06-05 08:10:17,404 - WARNING - __main__ - Thread-11 (process_request_thread) : 'add_data_point_for_patient' failed for patient '9169e4a1-41d3-11f0-9b45-9b1ea4d95ba0': Missing 'experimentId' in request body.
2025-06-05 08:10:17,409 - INFO - werkzeug - Thread-11 (process_request_thread) : 127.0.0.1 - - [05/Jun/2025 08:10:17] "[31m[1mPOST /patient/9169e4a1-41d3-11f0-9b45-9b1ea4d95ba0/data HTTP/1.1[0m" 400 -
2025-06-05 08:19:20,224 - INFO - __main__ - Thread-12 (process_request_thread) : User 'user' authenticated successfully.
2025-06-05 08:19:20,224 - DEBUG - datastructure - Thread-12 (process_request_thread) : DataStorage __init__ called.
2025-06-05 08:19:20,224 - INFO - __main__ - Thread-12 (process_request_thread) : 'experiment_action' POST request by 'user'.
2025-06-05 08:19:20,224 - WARNING - __main__ - Thread-12 (process_request_thread) : Experiment creation failed: 'name' missing in request body.
2025-06-05 08:19:20,224 - INFO - werkzeug - Thread-12 (process_request_thread) : 127.0.0.1 - - [05/Jun/2025 08:19:20] "[31m[1mPOST /experiment HTTP/1.1[0m" 400 -
2025-06-05 08:19:30,026 - INFO - __main__ - Thread-13 (process_request_thread) : User 'user' authenticated successfully.
2025-06-05 08:19:30,026 - DEBUG - datastructure - Thread-13 (process_request_thread) : DataStorage __init__ called.
2025-06-05 08:19:30,026 - INFO - __main__ - Thread-13 (process_request_thread) : 'experiment_action' POST request by 'user'.
2025-06-05 08:19:30,026 - DEBUG - idgenerator - Thread-13 (process_request_thread) : AlphaNumericIDGenerator created ID: 0a0286ff-41d5-11f0-b49d-9b1ea4d95ba0
2025-06-05 08:19:30,026 - DEBUG - datastructure - Thread-13 (process_request_thread) : Experiment initialized: ID '0a0286ff-41d5-11f0-b49d-9b1ea4d95ba0', Name 'Heart Rate Study'
2025-06-05 08:19:30,026 - INFO - datastructure - Thread-13 (process_request_thread) : Experiment added: ID '0a0286ff-41d5-11f0-b49d-9b1ea4d95ba0', Name 'Heart Rate Study'
2025-06-05 08:19:30,026 - INFO - __main__ - Thread-13 (process_request_thread) : Experiment 'Heart Rate Study' (ID: 0a0286ff-41d5-11f0-b49d-9b1ea4d95ba0) created by 'user'.
2025-06-05 08:19:30,026 - INFO - werkzeug - Thread-13 (process_request_thread) : 127.0.0.1 - - [05/Jun/2025 08:19:30] "[35m[1mPOST /experiment HTTP/1.1[0m" 201 -
2025-06-05 08:21:30,471 - INFO - __main__ - Thread-14 (process_request_thread) : User 'user' authenticated successfully.
2025-06-05 08:21:30,474 - INFO - __main__ - Thread-14 (process_request_thread) : 'add_data_point_for_patient' POST request for patient ID '9169e4a1-41d3-11f0-9b45-9b1ea4d95ba0' by 'user'. Raw data: b'{ "experimentId": "0a0286ff-41d5-11f0-b49d-9b1ea4d95ba0", "heart_rate": 72, "unit": "bpm", "timestamp": "2025-06-05T10:30:00Z" }'
2025-06-05 08:21:30,474 - DEBUG - datastructure - Thread-14 (process_request_thread) : DataStorage __init__ called.
2025-06-05 08:21:30,474 - DEBUG - datastructure - Thread-14 (process_request_thread) : Patient retrieved: ID '9169e4a1-41d3-11f0-9b45-9b1ea4d95ba0'
2025-06-05 08:21:30,475 - DEBUG - __main__ - Thread-14 (process_request_thread) : 'add_data_point_for_patient' request body for patient '9169e4a1-41d3-11f0-9b45-9b1ea4d95ba0': {'experimentId': '0a0286ff-41d5-11f0-b49d-9b1ea4d95ba0', 'heart_rate': 72, 'unit': 'bpm', 'timestamp': '2025-06-05T10:30:00Z'}
2025-06-05 08:21:30,475 - DEBUG - datastructure - Thread-14 (process_request_thread) : Experiment retrieved: ID '0a0286ff-41d5-11f0-b49d-9b1ea4d95ba0'
2025-06-05 08:21:30,476 - DEBUG - idgenerator - Thread-14 (process_request_thread) : AlphaNumericIDGenerator created ID: 51cdcf96-41d5-11f0-bb59-9b1ea4d95ba0
2025-06-05 08:21:30,476 - DEBUG - datastructure - Thread-14 (process_request_thread) : DataPoint initialized: ID '51cdcf96-41d5-11f0-bb59-9b1ea4d95ba0' for Patient '9169e4a1-41d3-11f0-9b45-9b1ea4d95ba0', Exp '0a0286ff-41d5-11f0-b49d-9b1ea4d95ba0'
2025-06-05 08:21:30,476 - INFO - datastructure - Thread-14 (process_request_thread) : DataPoint added: ID '51cdcf96-41d5-11f0-bb59-9b1ea4d95ba0' for patient '9169e4a1-41d3-11f0-9b45-9b1ea4d95ba0'
2025-06-05 08:21:30,478 - INFO - __main__ - Thread-14 (process_request_thread) : Data point added for patient '9169e4a1-41d3-11f0-9b45-9b1ea4d95ba0' in experiment '0a0286ff-41d5-11f0-b49d-9b1ea4d95ba0' via 'add_data_point_for_patient'. DP_ID: 51cdcf96-41d5-11f0-bb59-9b1ea4d95ba0
2025-06-05 08:21:30,480 - INFO - werkzeug - Thread-14 (process_request_thread) : 127.0.0.1 - - [05/Jun/2025 08:21:30] "[35m[1mPOST /patient/9169e4a1-41d3-11f0-9b45-9b1ea4d95ba0/data HTTP/1.1[0m" 201 -
2025-06-05 08:22:13,101 - INFO - werkzeug - Thread-15 (process_request_thread) : 127.0.0.1 - - [05/Jun/2025 08:22:13] "[31m[1mGET /patient/9169e4a1-41d3-11f0-9b45-9b1ea4d95ba0/data HTTP/1.1[0m" 405 -
2025-06-05 08:22:18,815 - INFO - __main__ - Thread-16 (process_request_thread) : User 'user' authenticated successfully.
2025-06-05 08:22:18,815 - DEBUG - datastructure - Thread-16 (process_request_thread) : DataStorage __init__ called.
2025-06-05 08:22:18,815 - DEBUG - datastructure - Thread-16 (process_request_thread) : Patient retrieved: ID '9169e4a1-41d3-11f0-9b45-9b1ea4d95ba0'
2025-06-05 08:22:18,815 - INFO - __main__ - Thread-16 (process_request_thread) : Patient with ID '9169e4a1-41d3-11f0-9b45-9b1ea4d95ba0' retrieved successfully.
2025-06-05 08:22:18,816 - INFO - werkzeug - Thread-16 (process_request_thread) : 127.0.0.1 - - [05/Jun/2025 08:22:18] "GET /patient/9169e4a1-41d3-11f0-9b45-9b1ea4d95ba0 HTTP/1.1" 200 -
2025-06-05 08:22:56,866 - INFO - werkzeug - Thread-17 (process_request_thread) : 127.0.0.1 - - [05/Jun/2025 08:22:56] "[33mGET /experiment/0a0286ff-41d5-11f0-b49d-9b1ea4d95ba0 HTTP/1.1[0m" 404 -
2025-06-05 08:23:09,361 - INFO - werkzeug - Thread-18 (process_request_thread) : 127.0.0.1 - - [05/Jun/2025 08:23:09] "[33mGET /experiment/0a0286ff-41d5-11f0-b49d-9b1ea4d95ba0 HTTP/1.1[0m" 404 -
2025-06-05 08:24:11,775 - INFO - werkzeug - Thread-19 (process_request_thread) : 127.0.0.1 - - [05/Jun/2025 08:24:11] "[31m[1mGET /patient/9169e4a1-41d3-11f0-9b45-9b1ea4d95ba0/data HTTP/1.1[0m" 405 -
2025-06-05 08:24:40,971 - INFO - werkzeug - Thread-20 (process_request_thread) : 127.0.0.1 - - [05/Jun/2025 08:24:40] "[31m[1mGET /patient/9169e4a1-41d3-11f0-9b45-9b1ea4d95ba0/data HTTP/1.1[0m" 405 -
2025-06-05 13:59:13,367 - INFO - __main__ - MainThread : Data Collection Service stopped.
2025-06-05 13:59:13,483 - INFO - __main__ - MainThread : Data Collection Service stopped.
2025-06-05 14:02:05,968 - INFO - __main__ - MainThread : Attempting to load environment from: C:\Users\John Arellano\PycharmProjects\msd_2025_j.arellano\Module07_Assignment\Data_Collection_Exercise\backendservice-main-src\dev_env.json
2025-06-05 14:02:05,969 - INFO - __main__ - MainThread : Environment variables loaded: {'database_url': 'pq.fhnw.ch', 'database_port': '5432', 'database_username': 'dbusername_dev', 'database_password': 'dbpassword_dev', 'log_level': 'debug'}
2025-06-05 14:02:05,969 - INFO - __main__ - MainThread : Log level set to: DEBUG
2025-06-05 14:02:05,973 - INFO - __main__ - MainThread : Starting Data Collection Service...
2025-06-05 14:02:05,973 - INFO - datastructure - MainThread : Creating new DataStorage instance.
2025-06-05 14:02:05,973 - DEBUG - datastructure - MainThread : DataStorage __init__ called.
2025-06-05 14:02:05,973 - INFO - datastructure - MainThread : Attempting to load data from JSON files...
2025-06-05 14:02:05,973 - DEBUG - datastructure - MainThread : Patient initialized/updated: {'name': 'John Doe', 'id': 'bf9eb35c-41ce-11f0-b73e-9b1ea4d95ba0', 'blood_pressure': '120/80', 'heart_rate': 70}
2025-06-05 14:02:05,973 - INFO - datastructure - MainThread : 1 patients loaded from patients.json
2025-06-05 14:02:05,974 - INFO - datastructure - MainThread : 0 experiments loaded from experiments.json
2025-06-05 14:02:05,974 - INFO - datastructure - MainThread : data.json exists. Data points are not re-loaded into memory by this function by default.
2025-06-05 14:02:05,974 - INFO - __main__ - MainThread : Initial data loaded from files (if any existed).
2025-06-05 14:02:05,974 - INFO - __main__ - MainThread : Service will run on host 0.0.0.0, port 5000
2025-06-05 14:02:06,013 - INFO - werkzeug - MainThread : [31m[1mWARNING: This is a development server. Do not use it in a production deployment. Use a production WSGI server instead.[0m
 * Running on all addresses (0.0.0.0)
 * Running on http://127.0.0.1:5000
 * Running on http://192.168.0.168:5000
2025-06-05 14:02:06,013 - INFO - werkzeug - MainThread : [33mPress CTRL+C to quit[0m
2025-06-05 14:02:06,025 - INFO - werkzeug - MainThread :  * Restarting with watchdog (windowsapi)
2025-06-05 14:02:06,891 - INFO - __main__ - MainThread : Attempting to load environment from: C:\Users\John Arellano\PycharmProjects\msd_2025_j.arellano\Module07_Assignment\Data_Collection_Exercise\backendservice-main-src\dev_env.json
2025-06-05 14:02:06,891 - INFO - __main__ - MainThread : Environment variables loaded: {'database_url': 'pq.fhnw.ch', 'database_port': '5432', 'database_username': 'dbusername_dev', 'database_password': 'dbpassword_dev', 'log_level': 'debug'}
2025-06-05 14:02:06,891 - INFO - __main__ - MainThread : Log level set to: DEBUG
2025-06-05 14:02:06,896 - INFO - __main__ - MainThread : Starting Data Collection Service...
2025-06-05 14:02:06,896 - INFO - datastructure - MainThread : Creating new DataStorage instance.
2025-06-05 14:02:06,896 - DEBUG - datastructure - MainThread : DataStorage __init__ called.
2025-06-05 14:02:06,897 - INFO - datastructure - MainThread : Attempting to load data from JSON files...
2025-06-05 14:02:06,897 - DEBUG - datastructure - MainThread : Patient initialized/updated: {'name': 'John Doe', 'id': 'bf9eb35c-41ce-11f0-b73e-9b1ea4d95ba0', 'blood_pressure': '120/80', 'heart_rate': 70}
2025-06-05 14:02:06,897 - INFO - datastructure - MainThread : 1 patients loaded from patients.json
2025-06-05 14:02:06,897 - INFO - datastructure - MainThread : 0 experiments loaded from experiments.json
2025-06-05 14:02:06,897 - INFO - datastructure - MainThread : data.json exists. Data points are not re-loaded into memory by this function by default.
2025-06-05 14:02:06,897 - INFO - __main__ - MainThread : Initial data loaded from files (if any existed).
2025-06-05 14:02:06,897 - INFO - __main__ - MainThread : Service will run on host 0.0.0.0, port 5000
2025-06-05 14:02:06,909 - WARNING - werkzeug - MainThread :  * Debugger is active!
2025-06-05 14:02:06,916 - INFO - werkzeug - MainThread :  * Debugger PIN: 104-987-032
2025-06-05 14:09:58,069 - INFO - __main__ - Thread-8 (process_request_thread) : User 'user' authenticated successfully.
2025-06-05 14:09:58,069 - INFO - __main__ - Thread-8 (process_request_thread) : 'index' endpoint called by user: user.
2025-06-05 14:09:58,069 - INFO - werkzeug - Thread-8 (process_request_thread) : 127.0.0.1 - - [05/Jun/2025 14:09:58] "GET / HTTP/1.1" 200 -
2025-06-05 14:11:53,178 - INFO - __main__ - Thread-9 (process_request_thread) : User 'user' authenticated successfully.
2025-06-05 14:11:53,179 - DEBUG - datastructure - Thread-9 (process_request_thread) : DataStorage __init__ called.
2025-06-05 14:11:53,179 - INFO - __main__ - Thread-9 (process_request_thread) : 'patient_action_route' POST request by 'user'.
2025-06-05 14:11:53,179 - DEBUG - idgenerator - Thread-9 (process_request_thread) : AlphaNumericIDGenerator created ID: 444fa9b9-4206-11f0-9b93-9b1ea4d95ba0
2025-06-05 14:11:53,179 - DEBUG - datastructure - Thread-9 (process_request_thread) : Patient initialized/updated: {'name': 'John Doe', 'id': '444fa9b9-4206-11f0-9b93-9b1ea4d95ba0', 'age': 30}
2025-06-05 14:11:53,179 - INFO - datastructure - Thread-9 (process_request_thread) : Patient added: ID '444fa9b9-4206-11f0-9b93-9b1ea4d95ba0', Name 'John Doe'
2025-06-05 14:11:53,179 - INFO - __main__ - Thread-9 (process_request_thread) : Patient 'John Doe' (ID: 444fa9b9-4206-11f0-9b93-9b1ea4d95ba0) created by 'user'. Additional attributes: {'age': 30}
2025-06-05 14:11:53,179 - INFO - werkzeug - Thread-9 (process_request_thread) : 127.0.0.1 - - [05/Jun/2025 14:11:53] "[35m[1mPOST /patient HTTP/1.1[0m" 201 -
2025-06-05 14:14:37,711 - INFO - __main__ - Thread-10 (process_request_thread) : User 'user' authenticated successfully.
2025-06-05 14:14:37,711 - DEBUG - datastructure - Thread-10 (process_request_thread) : DataStorage __init__ called.
2025-06-05 14:14:37,711 - DEBUG - datastructure - Thread-10 (process_request_thread) : Patient retrieved: ID '444fa9b9-4206-11f0-9b93-9b1ea4d95ba0'
2025-06-05 14:14:37,711 - INFO - __main__ - Thread-10 (process_request_thread) : Patient with ID '444fa9b9-4206-11f0-9b93-9b1ea4d95ba0' retrieved successfully.
2025-06-05 14:14:37,711 - INFO - werkzeug - Thread-10 (process_request_thread) : 127.0.0.1 - - [05/Jun/2025 14:14:37] "GET /patient/444fa9b9-4206-11f0-9b93-9b1ea4d95ba0 HTTP/1.1" 200 -
2025-06-05 14:16:23,121 - INFO - werkzeug - Thread-11 (process_request_thread) : 127.0.0.1 - - [05/Jun/2025 14:16:23] "[33mPOST /patient/ HTTP/1.1[0m" 404 -
2025-06-05 14:16:31,282 - INFO - __main__ - Thread-12 (process_request_thread) : User 'user' authenticated successfully.
2025-06-05 14:16:31,282 - DEBUG - datastructure - Thread-12 (process_request_thread) : DataStorage __init__ called.
2025-06-05 14:16:31,282 - INFO - __main__ - Thread-12 (process_request_thread) : 'patient_action_route' POST request by 'user'.
2025-06-05 14:16:31,282 - DEBUG - idgenerator - Thread-12 (process_request_thread) : AlphaNumericIDGenerator created ID: ea12c68f-4206-11f0-80ce-9b1ea4d95ba0
2025-06-05 14:16:31,282 - DEBUG - datastructure - Thread-12 (process_request_thread) : Patient initialized/updated: {'name': 'Jane Doe', 'id': 'ea12c68f-4206-11f0-80ce-9b1ea4d95ba0', 'age': 25}
2025-06-05 14:16:31,283 - INFO - datastructure - Thread-12 (process_request_thread) : Patient added: ID 'ea12c68f-4206-11f0-80ce-9b1ea4d95ba0', Name 'Jane Doe'
2025-06-05 14:16:31,283 - INFO - __main__ - Thread-12 (process_request_thread) : Patient 'Jane Doe' (ID: ea12c68f-4206-11f0-80ce-9b1ea4d95ba0) created by 'user'. Additional attributes: {'age': 25}
2025-06-05 14:16:31,283 - INFO - werkzeug - Thread-12 (process_request_thread) : 127.0.0.1 - - [05/Jun/2025 14:16:31] "[35m[1mPOST /patient HTTP/1.1[0m" 201 -
2025-06-05 14:16:58,628 - INFO - __main__ - Thread-13 (process_request_thread) : User 'user' authenticated successfully.
2025-06-05 14:16:58,629 - INFO - __main__ - Thread-13 (process_request_thread) : 'patients_get_all' GET request by 'user'.
2025-06-05 14:16:58,629 - DEBUG - datastructure - Thread-13 (process_request_thread) : DataStorage __init__ called.
2025-06-05 14:16:58,629 - DEBUG - __main__ - Thread-13 (process_request_thread) : Fetching all patients.
2025-06-05 14:16:58,629 - INFO - werkzeug - Thread-13 (process_request_thread) : 127.0.0.1 - - [05/Jun/2025 14:16:58] "GET /patients HTTP/1.1" 200 -
2025-06-05 14:18:15,042 - INFO - werkzeug - Thread-14 (process_request_thread) : 127.0.0.1 - - [05/Jun/2025 14:18:15] "[31m[1mDELETE /patient/bf9eb35c-41ce-11f0-b73e-9b1ea4d95ba0 HTTP/1.1[0m" 405 -
2025-06-05 14:19:48,145 - INFO - __main__ - Thread-15 (process_request_thread) : User 'user' authenticated successfully.
2025-06-05 14:19:48,146 - INFO - __main__ - Thread-15 (process_request_thread) : 'patients_get_all' GET request by 'user'.
2025-06-05 14:19:48,146 - DEBUG - datastructure - Thread-15 (process_request_thread) : DataStorage __init__ called.
2025-06-05 14:19:48,146 - DEBUG - __main__ - Thread-15 (process_request_thread) : Fetching all patients.
2025-06-05 14:19:48,146 - INFO - werkzeug - Thread-15 (process_request_thread) : 127.0.0.1 - - [05/Jun/2025 14:19:48] "GET /patients HTTP/1.1" 200 -
2025-06-05 14:20:58,037 - INFO - __main__ - Thread-16 (process_request_thread) : User 'user' authenticated successfully.
2025-06-05 14:20:58,037 - DEBUG - datastructure - Thread-16 (process_request_thread) : DataStorage __init__ called.
2025-06-05 14:20:58,037 - DEBUG - datastructure - Thread-16 (process_request_thread) : Patient retrieved: ID 'bf9eb35c-41ce-11f0-b73e-9b1ea4d95ba0'
2025-06-05 14:20:58,037 - INFO - __main__ - Thread-16 (process_request_thread) : Patient with ID 'bf9eb35c-41ce-11f0-b73e-9b1ea4d95ba0' retrieved successfully.
2025-06-05 14:20:58,038 - INFO - werkzeug - Thread-16 (process_request_thread) : 127.0.0.1 - - [05/Jun/2025 14:20:58] "GET /patient/bf9eb35c-41ce-11f0-b73e-9b1ea4d95ba0 HTTP/1.1" 200 -
2025-06-05 14:21:05,934 - INFO - werkzeug - Thread-17 (process_request_thread) : 127.0.0.1 - - [05/Jun/2025 14:21:05] "[31m[1mDELETE /patient/bf9eb35c-41ce-11f0-b73e-9b1ea4d95ba0 HTTP/1.1[0m" 405 -
2025-06-05 14:23:34,516 - INFO - __main__ - Thread-18 (process_request_thread) : User 'user' authenticated successfully.
2025-06-05 14:23:34,516 - DEBUG - datastructure - Thread-18 (process_request_thread) : DataStorage __init__ called.
2025-06-05 14:23:34,516 - DEBUG - datastructure - Thread-18 (process_request_thread) : Patient retrieved: ID 'bf9eb35c-41ce-11f0-b73e-9b1ea4d95ba0'
2025-06-05 14:23:34,516 - INFO - __main__ - Thread-18 (process_request_thread) : 'specific_patient_actions' PUT request for patient ID 'bf9eb35c-41ce-11f0-b73e-9b1ea4d95ba0' by 'user'.
2025-06-05 14:23:34,676 - INFO - datastructure - Thread-18 (process_request_thread) : Storing data to JSON files...
2025-06-05 14:23:34,679 - INFO - werkzeug - Thread-1 :  * Detected change in 'C:\\Users\\John Arellano\\PycharmProjects\\msd_2025_j.arellano\\Module07_Assignment\\Data_Collection_Exercise\\backendservice-main-src\\datastructure.py', reloading
2025-06-05 14:23:34,682 - INFO - datastructure - Thread-18 (process_request_thread) : 3 patients stored in patients.json
2025-06-05 14:23:34,683 - INFO - datastructure - Thread-18 (process_request_thread) : 0 experiments stored in experiments.json
2025-06-05 14:23:34,686 - INFO - datastructure - Thread-18 (process_request_thread) : 0 data points stored in data.json
2025-06-05 14:23:34,686 - INFO - datastructure - Thread-18 (process_request_thread) : In-memory data points list cleared after storing.
2025-06-05 14:23:34,687 - INFO - __main__ - Thread-18 (process_request_thread) : Patient with ID 'bf9eb35c-41ce-11f0-b73e-9b1ea4d95ba0' updated successfully.
2025-06-05 14:23:34,688 - INFO - werkzeug - Thread-18 (process_request_thread) : 127.0.0.1 - - [05/Jun/2025 14:23:34] "PUT /patient/bf9eb35c-41ce-11f0-b73e-9b1ea4d95ba0 HTTP/1.1" 200 -
2025-06-05 14:23:35,714 - INFO - werkzeug - MainThread :  * Restarting with watchdog (windowsapi)
2025-06-05 14:23:36,466 - INFO - __main__ - MainThread : Attempting to load environment from: C:\Users\John Arellano\PycharmProjects\msd_2025_j.arellano\Module07_Assignment\Data_Collection_Exercise\backendservice-main-src\dev_env.json
2025-06-05 14:23:36,467 - INFO - __main__ - MainThread : Environment variables loaded: {'database_url': 'pq.fhnw.ch', 'database_port': '5432', 'database_username': 'dbusername_dev', 'database_password': 'dbpassword_dev', 'log_level': 'debug'}
2025-06-05 14:23:36,467 - INFO - __main__ - MainThread : Log level set to: DEBUG
2025-06-05 14:23:36,470 - INFO - __main__ - MainThread : Starting Data Collection Service...
2025-06-05 14:23:36,470 - INFO - datastructure - MainThread : Creating new DataStorage instance.
2025-06-05 14:23:36,470 - DEBUG - datastructure - MainThread : DataStorage __init__ called.
2025-06-05 14:23:36,470 - INFO - datastructure - MainThread : Attempting to load data from JSON files...
2025-06-05 14:23:36,470 - DEBUG - datastructure - MainThread : Patient initialized/updated: {'name': 'Billy Blaze', 'id': 'bf9eb35c-41ce-11f0-b73e-9b1ea4d95ba0', 'blood_pressure': '120/80', 'heart_rate': 70, 'age': 42}
2025-06-05 14:23:36,470 - DEBUG - datastructure - MainThread : Patient initialized/updated: {'name': 'John Doe', 'id': '444fa9b9-4206-11f0-9b93-9b1ea4d95ba0', 'age': 30}
2025-06-05 14:23:36,470 - DEBUG - datastructure - MainThread : Patient initialized/updated: {'name': 'Jane Doe', 'id': 'ea12c68f-4206-11f0-80ce-9b1ea4d95ba0', 'age': 25}
2025-06-05 14:23:36,470 - INFO - datastructure - MainThread : 3 patients loaded from patients.json
2025-06-05 14:23:36,471 - INFO - datastructure - MainThread : 0 experiments loaded from experiments.json
2025-06-05 14:23:36,471 - INFO - datastructure - MainThread : data.json exists. Data points are not re-loaded into memory by this function by default.
2025-06-05 14:23:36,471 - INFO - __main__ - MainThread : Initial data loaded from files (if any existed).
2025-06-05 14:23:36,471 - INFO - __main__ - MainThread : Service will run on host 0.0.0.0, port 5000
2025-06-05 14:23:36,480 - WARNING - werkzeug - MainThread :  * Debugger is active!
2025-06-05 14:23:36,484 - INFO - werkzeug - MainThread :  * Debugger PIN: 104-987-032
2025-06-05 14:24:58,928 - INFO - werkzeug - Thread-8 (process_request_thread) : 127.0.0.1 - - [05/Jun/2025 14:24:58] "[31m[1mDELETE /patient/bf9eb35c-41ce-11f0-b73e-9b1ea4d95ba0 HTTP/1.1[0m" 405 -
2025-06-05 14:45:34,400 - INFO - __main__ - Thread-9 (process_request_thread) : User 'user' authenticated successfully.
2025-06-05 14:45:34,400 - INFO - __main__ - Thread-9 (process_request_thread) : 'index' endpoint called by user: user.
2025-06-05 14:45:34,400 - INFO - werkzeug - Thread-9 (process_request_thread) : 127.0.0.1 - - [05/Jun/2025 14:45:34] "GET / HTTP/1.1" 200 -
2025-06-05 14:45:36,696 - INFO - __main__ - Thread-10 (process_request_thread) : User 'user' authenticated successfully.
2025-06-05 14:45:36,696 - INFO - __main__ - Thread-10 (process_request_thread) : 'index' endpoint called by user: user.
2025-06-05 14:45:36,696 - INFO - werkzeug - Thread-10 (process_request_thread) : 127.0.0.1 - - [05/Jun/2025 14:45:36] "GET / HTTP/1.1" 200 -
2025-06-05 15:26:02,779 - INFO - __main__ - MainThread : Data Collection Service stopped.
2025-06-05 15:26:02,931 - INFO - __main__ - MainThread : Data Collection Service stopped.
2025-06-05 16:05:07,896 - INFO - __main__ - MainThread : Attempting to load environment from: C:\Users\John Arellano\PycharmProjects\msd_2025_j.arellano\Module07_Assignment\Data_Collection_Exercise\backendservice-main-src\dev_env.json
2025-06-05 16:05:07,896 - INFO - __main__ - MainThread : Environment variables loaded: {'database_url': 'pq.fhnw.ch', 'database_port': '5432', 'database_username': 'dbusername_dev', 'database_password': 'dbpassword_dev', 'log_level': 'debug'}
2025-06-05 16:05:07,896 - INFO - __main__ - MainThread : Log level set to: DEBUG
2025-06-05 16:05:07,900 - INFO - __main__ - MainThread : Starting Data Collection Service...
2025-06-05 16:05:07,900 - INFO - datastructure - MainThread : Creating new DataStorage instance.
2025-06-05 16:05:07,900 - DEBUG - datastructure - MainThread : DataStorage __init__ called.
2025-06-05 16:05:07,900 - INFO - datastructure - MainThread : Attempting to load data from JSON files...
2025-06-05 16:05:07,900 - DEBUG - datastructure - MainThread : Patient initialized/updated: {'name': 'Billy Blaze', 'id': 'bf9eb35c-41ce-11f0-b73e-9b1ea4d95ba0', 'blood_pressure': '120/80', 'heart_rate': 70, 'age': 42}
2025-06-05 16:05:07,900 - DEBUG - datastructure - MainThread : Patient initialized/updated: {'name': 'John Doe', 'id': '444fa9b9-4206-11f0-9b93-9b1ea4d95ba0', 'age': 30}
2025-06-05 16:05:07,900 - DEBUG - datastructure - MainThread : Patient initialized/updated: {'name': 'Jane Doe', 'id': 'ea12c68f-4206-11f0-80ce-9b1ea4d95ba0', 'age': 25}
2025-06-05 16:05:07,900 - INFO - datastructure - MainThread : 3 patients loaded.
2025-06-05 16:05:07,901 - INFO - datastructure - MainThread : 0 experiments loaded.
2025-06-05 16:05:07,901 - ERROR - datastructure - MainThread : Error loading or parsing data.json: 'list' object has no attribute 'items'
Traceback (most recent call last):
  File "C:\Users\John Arellano\PycharmProjects\msd_2025_j.arellano\Module07_Assignment\Data_Collection_Exercise\backendservice-main-src\datastructure.py", line 352, in load_data
    for dp_id, dp_details in dp_data_dict.items():
                             ^^^^^^^^^^^^^^^^^^
AttributeError: 'list' object has no attribute 'items'
2025-06-05 16:05:07,902 - INFO - __main__ - MainThread : Initial data loaded from files (if any existed).
2025-06-05 16:05:07,902 - INFO - __main__ - MainThread : Service will run on host 0.0.0.0, port 5000
2025-06-05 16:05:07,935 - INFO - werkzeug - MainThread : [31m[1mWARNING: This is a development server. Do not use it in a production deployment. Use a production WSGI server instead.[0m
 * Running on all addresses (0.0.0.0)
 * Running on http://127.0.0.1:5000
 * Running on http://192.168.0.168:5000
2025-06-05 16:05:07,935 - INFO - werkzeug - MainThread : [33mPress CTRL+C to quit[0m
2025-06-05 16:05:07,943 - INFO - werkzeug - MainThread :  * Restarting with watchdog (windowsapi)
2025-06-05 16:05:08,700 - INFO - __main__ - MainThread : Attempting to load environment from: C:\Users\John Arellano\PycharmProjects\msd_2025_j.arellano\Module07_Assignment\Data_Collection_Exercise\backendservice-main-src\dev_env.json
2025-06-05 16:05:08,700 - INFO - __main__ - MainThread : Environment variables loaded: {'database_url': 'pq.fhnw.ch', 'database_port': '5432', 'database_username': 'dbusername_dev', 'database_password': 'dbpassword_dev', 'log_level': 'debug'}
2025-06-05 16:05:08,700 - INFO - __main__ - MainThread : Log level set to: DEBUG
2025-06-05 16:05:08,704 - INFO - __main__ - MainThread : Starting Data Collection Service...
2025-06-05 16:05:08,704 - INFO - datastructure - MainThread : Creating new DataStorage instance.
2025-06-05 16:05:08,704 - DEBUG - datastructure - MainThread : DataStorage __init__ called.
2025-06-05 16:05:08,704 - INFO - datastructure - MainThread : Attempting to load data from JSON files...
2025-06-05 16:05:08,705 - DEBUG - datastructure - MainThread : Patient initialized/updated: {'name': 'Billy Blaze', 'id': 'bf9eb35c-41ce-11f0-b73e-9b1ea4d95ba0', 'blood_pressure': '120/80', 'heart_rate': 70, 'age': 42}
2025-06-05 16:05:08,705 - DEBUG - datastructure - MainThread : Patient initialized/updated: {'name': 'John Doe', 'id': '444fa9b9-4206-11f0-9b93-9b1ea4d95ba0', 'age': 30}
2025-06-05 16:05:08,705 - DEBUG - datastructure - MainThread : Patient initialized/updated: {'name': 'Jane Doe', 'id': 'ea12c68f-4206-11f0-80ce-9b1ea4d95ba0', 'age': 25}
2025-06-05 16:05:08,705 - INFO - datastructure - MainThread : 3 patients loaded.
2025-06-05 16:05:08,705 - INFO - datastructure - MainThread : 0 experiments loaded.
2025-06-05 16:05:08,705 - ERROR - datastructure - MainThread : Error loading or parsing data.json: 'list' object has no attribute 'items'
Traceback (most recent call last):
  File "C:\Users\John Arellano\PycharmProjects\msd_2025_j.arellano\Module07_Assignment\Data_Collection_Exercise\backendservice-main-src\datastructure.py", line 352, in load_data
    for dp_id, dp_details in dp_data_dict.items():
                             ^^^^^^^^^^^^^^^^^^
AttributeError: 'list' object has no attribute 'items'
2025-06-05 16:05:08,706 - INFO - __main__ - MainThread : Initial data loaded from files (if any existed).
2025-06-05 16:05:08,706 - INFO - __main__ - MainThread : Service will run on host 0.0.0.0, port 5000
2025-06-05 16:05:08,716 - WARNING - werkzeug - MainThread :  * Debugger is active!
2025-06-05 16:05:08,720 - INFO - werkzeug - MainThread :  * Debugger PIN: 104-987-032
2025-06-05 16:05:20,673 - INFO - werkzeug - Thread-8 (process_request_thread) : 127.0.0.1 - - [05/Jun/2025 16:05:20] "[31m[1mDELETE / HTTP/1.1[0m" 405 -
2025-06-05 16:05:23,314 - INFO - werkzeug - Thread-9 (process_request_thread) : 127.0.0.1 - - [05/Jun/2025 16:05:23] "[31m[1mDELETE / HTTP/1.1[0m" 405 -
2025-06-05 16:05:29,304 - INFO - __main__ - Thread-10 (process_request_thread) : User 'user' authenticated successfully.
2025-06-05 16:05:29,304 - INFO - __main__ - Thread-10 (process_request_thread) : 'index' endpoint called by user: user.
2025-06-05 16:05:29,305 - INFO - werkzeug - Thread-10 (process_request_thread) : 127.0.0.1 - - [05/Jun/2025 16:05:29] "GET / HTTP/1.1" 200 -
2025-06-05 16:05:34,428 - INFO - __main__ - Thread-11 (process_request_thread) : User 'user' authenticated successfully.
2025-06-05 16:05:34,428 - INFO - __main__ - Thread-11 (process_request_thread) : 'index' endpoint called by user: user.
2025-06-05 16:05:34,428 - INFO - werkzeug - Thread-11 (process_request_thread) : 127.0.0.1 - - [05/Jun/2025 16:05:34] "GET / HTTP/1.1" 200 -
2025-06-05 16:06:13,982 - INFO - __main__ - MainThread : Data Collection Service stopped.
2025-06-05 16:06:14,085 - INFO - __main__ - MainThread : Data Collection Service stopped.
2025-06-05 16:06:15,123 - INFO - __main__ - MainThread : Attempting to load environment from: C:\Users\John Arellano\PycharmProjects\msd_2025_j.arellano\Module07_Assignment\Data_Collection_Exercise\backendservice-main-src\dev_env.json
2025-06-05 16:06:15,124 - INFO - __main__ - MainThread : Environment variables loaded: {'database_url': 'pq.fhnw.ch', 'database_port': '5432', 'database_username': 'dbusername_dev', 'database_password': 'dbpassword_dev', 'log_level': 'debug'}
2025-06-05 16:06:15,124 - INFO - __main__ - MainThread : Log level set to: DEBUG
2025-06-05 16:06:15,129 - INFO - __main__ - MainThread : Starting Data Collection Service...
2025-06-05 16:06:15,129 - INFO - datastructure - MainThread : Creating new DataStorage instance.
2025-06-05 16:06:15,129 - DEBUG - datastructure - MainThread : DataStorage __init__ called.
2025-06-05 16:06:15,129 - INFO - datastructure - MainThread : Attempting to load data from JSON files...
2025-06-05 16:06:15,129 - DEBUG - datastructure - MainThread : Patient initialized/updated: {'name': 'Billy Blaze', 'id': 'bf9eb35c-41ce-11f0-b73e-9b1ea4d95ba0', 'blood_pressure': '120/80', 'heart_rate': 70, 'age': 42}
2025-06-05 16:06:15,129 - DEBUG - datastructure - MainThread : Patient initialized/updated: {'name': 'John Doe', 'id': '444fa9b9-4206-11f0-9b93-9b1ea4d95ba0', 'age': 30}
2025-06-05 16:06:15,129 - DEBUG - datastructure - MainThread : Patient initialized/updated: {'name': 'Jane Doe', 'id': 'ea12c68f-4206-11f0-80ce-9b1ea4d95ba0', 'age': 25}
2025-06-05 16:06:15,129 - INFO - datastructure - MainThread : 3 patients loaded.
2025-06-05 16:06:15,130 - INFO - datastructure - MainThread : 0 experiments loaded.
2025-06-05 16:06:15,130 - ERROR - datastructure - MainThread : Error loading or parsing data.json: 'list' object has no attribute 'items'
Traceback (most recent call last):
  File "C:\Users\John Arellano\PycharmProjects\msd_2025_j.arellano\Module07_Assignment\Data_Collection_Exercise\backendservice-main-src\datastructure.py", line 352, in load_data
    for dp_id, dp_details in dp_data_dict.items():
                             ^^^^^^^^^^^^^^^^^^
AttributeError: 'list' object has no attribute 'items'
2025-06-05 16:06:15,131 - INFO - __main__ - MainThread : Initial data loaded from files (if any existed).
2025-06-05 16:06:15,131 - INFO - __main__ - MainThread : Service will run on host 0.0.0.0, port 5000
2025-06-05 16:06:15,172 - INFO - werkzeug - MainThread : [31m[1mWARNING: This is a development server. Do not use it in a production deployment. Use a production WSGI server instead.[0m
 * Running on all addresses (0.0.0.0)
 * Running on http://127.0.0.1:5000
 * Running on http://192.168.0.168:5000
2025-06-05 16:06:15,172 - INFO - werkzeug - MainThread : [33mPress CTRL+C to quit[0m
2025-06-05 16:06:15,183 - INFO - werkzeug - MainThread :  * Restarting with watchdog (windowsapi)
2025-06-05 16:06:16,004 - INFO - __main__ - MainThread : Attempting to load environment from: C:\Users\John Arellano\PycharmProjects\msd_2025_j.arellano\Module07_Assignment\Data_Collection_Exercise\backendservice-main-src\dev_env.json
2025-06-05 16:06:16,005 - INFO - __main__ - MainThread : Environment variables loaded: {'database_url': 'pq.fhnw.ch', 'database_port': '5432', 'database_username': 'dbusername_dev', 'database_password': 'dbpassword_dev', 'log_level': 'debug'}
2025-06-05 16:06:16,005 - INFO - __main__ - MainThread : Log level set to: DEBUG
2025-06-05 16:06:16,010 - INFO - __main__ - MainThread : Starting Data Collection Service...
2025-06-05 16:06:16,010 - INFO - datastructure - MainThread : Creating new DataStorage instance.
2025-06-05 16:06:16,010 - DEBUG - datastructure - MainThread : DataStorage __init__ called.
2025-06-05 16:06:16,010 - INFO - datastructure - MainThread : Attempting to load data from JSON files...
2025-06-05 16:06:16,010 - DEBUG - datastructure - MainThread : Patient initialized/updated: {'name': 'Billy Blaze', 'id': 'bf9eb35c-41ce-11f0-b73e-9b1ea4d95ba0', 'blood_pressure': '120/80', 'heart_rate': 70, 'age': 42}
2025-06-05 16:06:16,010 - DEBUG - datastructure - MainThread : Patient initialized/updated: {'name': 'John Doe', 'id': '444fa9b9-4206-11f0-9b93-9b1ea4d95ba0', 'age': 30}
2025-06-05 16:06:16,010 - DEBUG - datastructure - MainThread : Patient initialized/updated: {'name': 'Jane Doe', 'id': 'ea12c68f-4206-11f0-80ce-9b1ea4d95ba0', 'age': 25}
2025-06-05 16:06:16,010 - INFO - datastructure - MainThread : 3 patients loaded.
2025-06-05 16:06:16,011 - INFO - datastructure - MainThread : 0 experiments loaded.
2025-06-05 16:06:16,011 - ERROR - datastructure - MainThread : Error loading or parsing data.json: 'list' object has no attribute 'items'
Traceback (most recent call last):
  File "C:\Users\John Arellano\PycharmProjects\msd_2025_j.arellano\Module07_Assignment\Data_Collection_Exercise\backendservice-main-src\datastructure.py", line 352, in load_data
    for dp_id, dp_details in dp_data_dict.items():
                             ^^^^^^^^^^^^^^^^^^
AttributeError: 'list' object has no attribute 'items'
2025-06-05 16:06:16,012 - INFO - __main__ - MainThread : Initial data loaded from files (if any existed).
2025-06-05 16:06:16,012 - INFO - __main__ - MainThread : Service will run on host 0.0.0.0, port 5000
2025-06-05 16:06:16,021 - WARNING - werkzeug - MainThread :  * Debugger is active!
2025-06-05 16:06:16,026 - INFO - werkzeug - MainThread :  * Debugger PIN: 104-987-032
2025-06-05 16:06:18,200 - INFO - __main__ - Thread-8 (process_request_thread) : User 'user' authenticated successfully.
2025-06-05 16:06:18,200 - INFO - __main__ - Thread-8 (process_request_thread) : 'index' endpoint called by user: user.
2025-06-05 16:06:18,201 - INFO - werkzeug - Thread-8 (process_request_thread) : 127.0.0.1 - - [05/Jun/2025 16:06:18] "GET / HTTP/1.1" 200 -
2025-06-05 16:06:24,493 - INFO - __main__ - Thread-9 (process_request_thread) : User 'user' authenticated successfully.
2025-06-05 16:06:24,493 - INFO - __main__ - Thread-9 (process_request_thread) : '/patients' GET request by 'user'.
2025-06-05 16:06:24,493 - DEBUG - datastructure - Thread-9 (process_request_thread) : DataStorage __init__ called.
2025-06-05 16:06:24,493 - DEBUG - datastructure - Thread-9 (process_request_thread) : Retrieved all 3 patients.
2025-06-05 16:06:24,493 - INFO - werkzeug - Thread-9 (process_request_thread) : 127.0.0.1 - - [05/Jun/2025 16:06:24] "GET /patients HTTP/1.1" 200 -
2025-06-05 16:07:44,811 - INFO - __main__ - Thread-10 (process_request_thread) : User 'user' authenticated successfully.
2025-06-05 16:07:44,811 - DEBUG - datastructure - Thread-10 (process_request_thread) : DataStorage __init__ called.
2025-06-05 16:07:44,811 - INFO - datastructure - Thread-10 (process_request_thread) : Patient 'bf9eb35c-41ce-11f0-b73e-9b1ea4d95ba0' and 0 associated data points deleted.
2025-06-05 16:07:44,811 - INFO - __main__ - Thread-10 (process_request_thread) : Patient 'bf9eb35c-41ce-11f0-b73e-9b1ea4d95ba0' deleted by 'user'.
2025-06-05 16:07:44,811 - INFO - werkzeug - Thread-10 (process_request_thread) : 127.0.0.1 - - [05/Jun/2025 16:07:44] "DELETE /patient/bf9eb35c-41ce-11f0-b73e-9b1ea4d95ba0 HTTP/1.1" 200 -
2025-06-05 16:07:56,366 - INFO - werkzeug - Thread-11 (process_request_thread) : 127.0.0.1 - - [05/Jun/2025 16:07:56] "[31m[1mDELETE /patients HTTP/1.1[0m" 405 -
2025-06-05 16:08:00,754 - INFO - __main__ - Thread-12 (process_request_thread) : User 'user' authenticated successfully.
2025-06-05 16:08:00,754 - INFO - __main__ - Thread-12 (process_request_thread) : '/patients' GET request by 'user'.
2025-06-05 16:08:00,754 - DEBUG - datastructure - Thread-12 (process_request_thread) : DataStorage __init__ called.
2025-06-05 16:08:00,754 - DEBUG - datastructure - Thread-12 (process_request_thread) : Retrieved all 2 patients.
2025-06-05 16:08:00,754 - INFO - werkzeug - Thread-12 (process_request_thread) : 127.0.0.1 - - [05/Jun/2025 16:08:00] "GET /patients HTTP/1.1" 200 -
2025-06-05 16:09:24,149 - INFO - __main__ - Thread-13 (process_request_thread) : User 'user' authenticated successfully.
2025-06-05 16:09:24,149 - DEBUG - datastructure - Thread-13 (process_request_thread) : DataStorage __init__ called.
2025-06-05 16:09:24,149 - INFO - __main__ - Thread-13 (process_request_thread) : 'create_experiment' POST request by 'user'.
2025-06-05 16:09:24,150 - DEBUG - idgenerator - Thread-13 (process_request_thread) : AlphaNumericIDGenerator created ID: af0464a9-4216-11f0-92b4-9b1ea4d95ba0
2025-06-05 16:09:24,150 - DEBUG - datastructure - Thread-13 (process_request_thread) : Experiment initialized: ID 'af0464a9-4216-11f0-92b4-9b1ea4d95ba0', Name 'Heart Rate Study'
2025-06-05 16:09:24,150 - INFO - datastructure - Thread-13 (process_request_thread) : Experiment added: ID 'af0464a9-4216-11f0-92b4-9b1ea4d95ba0', Name 'Heart Rate Study'
2025-06-05 16:09:24,150 - INFO - __main__ - Thread-13 (process_request_thread) : Experiment 'Heart Rate Study' (ID: af0464a9-4216-11f0-92b4-9b1ea4d95ba0) created by 'user'.
2025-06-05 16:09:24,150 - INFO - werkzeug - Thread-13 (process_request_thread) : 127.0.0.1 - - [05/Jun/2025 16:09:24] "[35m[1mPOST /experiment HTTP/1.1[0m" 201 -
2025-06-05 16:09:52,833 - INFO - __main__ - Thread-14 (process_request_thread) : User 'user' authenticated successfully.
2025-06-05 16:09:52,833 - DEBUG - datastructure - Thread-14 (process_request_thread) : DataStorage __init__ called.
2025-06-05 16:09:52,833 - DEBUG - datastructure - Thread-14 (process_request_thread) : Experiment retrieved: ID 'af0464a9-4216-11f0-92b4-9b1ea4d95ba0'
2025-06-05 16:09:52,833 - INFO - __main__ - Thread-14 (process_request_thread) : Experiment 'af0464a9-4216-11f0-92b4-9b1ea4d95ba0' retrieved by 'user'.
2025-06-05 16:09:52,834 - INFO - werkzeug - Thread-14 (process_request_thread) : 127.0.0.1 - - [05/Jun/2025 16:09:52] "GET /experiment/af0464a9-4216-11f0-92b4-9b1ea4d95ba0 HTTP/1.1" 200 -
2025-06-05 16:10:47,202 - INFO - __main__ - Thread-15 (process_request_thread) : User 'user' authenticated successfully.
2025-06-05 16:10:47,202 - DEBUG - datastructure - Thread-15 (process_request_thread) : DataStorage __init__ called.
2025-06-05 16:10:47,202 - INFO - __main__ - Thread-15 (process_request_thread) : 'create_experiment' POST request by 'user'.
2025-06-05 16:10:47,202 - DEBUG - idgenerator - Thread-15 (process_request_thread) : AlphaNumericIDGenerator created ID: e0854576-4216-11f0-948f-9b1ea4d95ba0
2025-06-05 16:10:47,202 - DEBUG - datastructure - Thread-15 (process_request_thread) : Experiment initialized: ID 'e0854576-4216-11f0-948f-9b1ea4d95ba0', Name 'Dick Length Study'
2025-06-05 16:10:47,202 - INFO - datastructure - Thread-15 (process_request_thread) : Experiment added: ID 'e0854576-4216-11f0-948f-9b1ea4d95ba0', Name 'Dick Length Study'
2025-06-05 16:10:47,202 - INFO - __main__ - Thread-15 (process_request_thread) : Experiment 'Dick Length Study' (ID: e0854576-4216-11f0-948f-9b1ea4d95ba0) created by 'user'.
2025-06-05 16:10:47,202 - INFO - werkzeug - Thread-15 (process_request_thread) : 127.0.0.1 - - [05/Jun/2025 16:10:47] "[35m[1mPOST /experiment HTTP/1.1[0m" 201 -
2025-06-05 16:11:08,693 - INFO - __main__ - Thread-16 (process_request_thread) : User 'user' authenticated successfully.
2025-06-05 16:11:08,693 - INFO - __main__ - Thread-16 (process_request_thread) : '/experiments' GET request by 'user'.
2025-06-05 16:11:08,693 - DEBUG - datastructure - Thread-16 (process_request_thread) : DataStorage __init__ called.
2025-06-05 16:11:08,693 - DEBUG - datastructure - Thread-16 (process_request_thread) : Retrieved all 2 experiments.
2025-06-05 16:11:08,694 - INFO - werkzeug - Thread-16 (process_request_thread) : 127.0.0.1 - - [05/Jun/2025 16:11:08] "GET /experiments HTTP/1.1" 200 -
2025-06-05 16:11:31,986 - INFO - __main__ - Thread-17 (process_request_thread) : User 'user' authenticated successfully.
2025-06-05 16:11:31,986 - DEBUG - datastructure - Thread-17 (process_request_thread) : DataStorage __init__ called.
2025-06-05 16:11:31,986 - INFO - datastructure - Thread-17 (process_request_thread) : Experiment 'e0854576-4216-11f0-948f-9b1ea4d95ba0' and 0 associated data points deleted.
2025-06-05 16:11:31,986 - INFO - __main__ - Thread-17 (process_request_thread) : Experiment 'e0854576-4216-11f0-948f-9b1ea4d95ba0' deleted by 'user'.
2025-06-05 16:11:31,986 - INFO - werkzeug - Thread-17 (process_request_thread) : 127.0.0.1 - - [05/Jun/2025 16:11:31] "DELETE /experiment/e0854576-4216-11f0-948f-9b1ea4d95ba0 HTTP/1.1" 200 -
2025-06-05 16:12:07,386 - INFO - __main__ - Thread-18 (process_request_thread) : User 'user' authenticated successfully.
2025-06-05 16:12:07,386 - INFO - __main__ - Thread-18 (process_request_thread) : '/experiments' GET request by 'user'.
2025-06-05 16:12:07,386 - DEBUG - datastructure - Thread-18 (process_request_thread) : DataStorage __init__ called.
2025-06-05 16:12:07,386 - DEBUG - datastructure - Thread-18 (process_request_thread) : Retrieved all 1 experiments.
2025-06-05 16:12:07,387 - INFO - werkzeug - Thread-18 (process_request_thread) : 127.0.0.1 - - [05/Jun/2025 16:12:07] "GET /experiments HTTP/1.1" 200 -
2025-06-05 16:12:45,757 - INFO - __main__ - Thread-19 (process_request_thread) : User 'user' authenticated successfully.
2025-06-05 16:12:45,757 - DEBUG - datastructure - Thread-19 (process_request_thread) : DataStorage __init__ called.
2025-06-05 16:12:45,757 - INFO - __main__ - Thread-19 (process_request_thread) : PUT request for experiment 'af0464a9-4216-11f0-92b4-9b1ea4d95ba0' by 'user'.
2025-06-05 16:12:45,757 - DEBUG - datastructure - Thread-19 (process_request_thread) : Experiment retrieved: ID 'af0464a9-4216-11f0-92b4-9b1ea4d95ba0'
2025-06-05 16:12:45,757 - DEBUG - datastructure - Thread-19 (process_request_thread) : Experiment 'af0464a9-4216-11f0-92b4-9b1ea4d95ba0': Attribute 'name' updated to 'Advanced Heart Rate Study'.
2025-06-05 16:12:45,757 - INFO - datastructure - Thread-19 (process_request_thread) : Experiment 'af0464a9-4216-11f0-92b4-9b1ea4d95ba0' updated successfully.
2025-06-05 16:12:45,757 - INFO - __main__ - Thread-19 (process_request_thread) : Experiment 'af0464a9-4216-11f0-92b4-9b1ea4d95ba0' updated by 'user'.
2025-06-05 16:12:45,757 - INFO - werkzeug - Thread-19 (process_request_thread) : 127.0.0.1 - - [05/Jun/2025 16:12:45] "PUT /experiment/af0464a9-4216-11f0-92b4-9b1ea4d95ba0 HTTP/1.1" 200 -
2025-06-05 16:13:41,131 - INFO - __main__ - Thread-20 (process_request_thread) : User 'user' authenticated successfully.
2025-06-05 16:13:41,131 - INFO - __main__ - Thread-20 (process_request_thread) : '/patients' GET request by 'user'.
2025-06-05 16:13:41,131 - DEBUG - datastructure - Thread-20 (process_request_thread) : DataStorage __init__ called.
2025-06-05 16:13:41,131 - DEBUG - datastructure - Thread-20 (process_request_thread) : Retrieved all 2 patients.
2025-06-05 16:13:41,131 - INFO - werkzeug - Thread-20 (process_request_thread) : 127.0.0.1 - - [05/Jun/2025 16:13:41] "GET /patients HTTP/1.1" 200 -
2025-06-05 16:15:02,947 - INFO - __main__ - Thread-21 (process_request_thread) : User 'user' authenticated successfully.
2025-06-05 16:15:02,947 - DEBUG - datastructure - Thread-21 (process_request_thread) : DataStorage __init__ called.
2025-06-05 16:15:02,947 - DEBUG - datastructure - Thread-21 (process_request_thread) : Patient retrieved: ID '444fa9b9-4206-11f0-9b93-9b1ea4d95ba0'
2025-06-05 16:15:02,947 - INFO - __main__ - Thread-21 (process_request_thread) : 'patient_data_actions' POST for patient '444fa9b9-4206-11f0-9b93-9b1ea4d95ba0' by 'user'.
2025-06-05 16:15:02,947 - DEBUG - datastructure - Thread-21 (process_request_thread) : Experiment retrieved: ID 'af0464a9-4216-11f0-92b4-9b1ea4d95ba0'
2025-06-05 16:15:02,947 - DEBUG - idgenerator - Thread-21 (process_request_thread) : AlphaNumericIDGenerator created ID: 78f4d9df-4217-11f0-9ea7-9b1ea4d95ba0
2025-06-05 16:15:02,947 - DEBUG - datastructure - Thread-21 (process_request_thread) : DataPoint initialized: ID '78f4d9df-4217-11f0-9ea7-9b1ea4d95ba0' for Patient '444fa9b9-4206-11f0-9b93-9b1ea4d95ba0', Exp 'af0464a9-4216-11f0-92b4-9b1ea4d95ba0'
2025-06-05 16:15:02,949 - INFO - datastructure - Thread-21 (process_request_thread) : DataPoint added: ID '78f4d9df-4217-11f0-9ea7-9b1ea4d95ba0' for patient '444fa9b9-4206-11f0-9b93-9b1ea4d95ba0'
2025-06-05 16:15:02,949 - INFO - __main__ - Thread-21 (process_request_thread) : Data point added for patient '444fa9b9-4206-11f0-9b93-9b1ea4d95ba0', exp 'af0464a9-4216-11f0-92b4-9b1ea4d95ba0'. DP_ID: 78f4d9df-4217-11f0-9ea7-9b1ea4d95ba0
2025-06-05 16:15:02,949 - INFO - werkzeug - Thread-21 (process_request_thread) : 127.0.0.1 - - [05/Jun/2025 16:15:02] "[35m[1mPOST /patient/444fa9b9-4206-11f0-9b93-9b1ea4d95ba0/data HTTP/1.1[0m" 201 -
2025-06-05 16:16:04,533 - INFO - __main__ - Thread-22 (process_request_thread) : User 'user' authenticated successfully.
2025-06-05 16:16:04,533 - DEBUG - datastructure - Thread-22 (process_request_thread) : DataStorage __init__ called.
2025-06-05 16:16:04,533 - DEBUG - datastructure - Thread-22 (process_request_thread) : Patient retrieved: ID '444fa9b9-4206-11f0-9b93-9b1ea4d95ba0'
2025-06-05 16:16:04,533 - INFO - __main__ - Thread-22 (process_request_thread) : 'patient_data_actions' GET for patient '444fa9b9-4206-11f0-9b93-9b1ea4d95ba0' by 'user'.
2025-06-05 16:16:04,533 - DEBUG - datastructure - Thread-22 (process_request_thread) : Retrieved 1 data points for patient '444fa9b9-4206-11f0-9b93-9b1ea4d95ba0' (exp filter: None).
2025-06-05 16:16:04,534 - INFO - werkzeug - Thread-22 (process_request_thread) : 127.0.0.1 - - [05/Jun/2025 16:16:04] "GET /patient/444fa9b9-4206-11f0-9b93-9b1ea4d95ba0/data HTTP/1.1" 200 -
2025-06-05 16:19:24,208 - INFO - __main__ - Thread-23 (process_request_thread) : User 'user' authenticated successfully.
2025-06-05 16:19:24,208 - DEBUG - datastructure - Thread-23 (process_request_thread) : DataStorage __init__ called.
2025-06-05 16:19:24,208 - DEBUG - datastructure - Thread-23 (process_request_thread) : Patient retrieved: ID '444fa9b9-4206-11f0-9b93-9b1ea4d95ba0'
2025-06-05 16:19:24,208 - INFO - __main__ - Thread-23 (process_request_thread) : 'patient_data_actions' GET for patient '444fa9b9-4206-11f0-9b93-9b1ea4d95ba0' by 'user'.
2025-06-05 16:19:24,210 - DEBUG - datastructure - Thread-23 (process_request_thread) : Retrieved 1 data points for patient '444fa9b9-4206-11f0-9b93-9b1ea4d95ba0' (exp filter: af0464a9-4216-11f0-92b4-9b1ea4d95ba0).
2025-06-05 16:19:24,210 - INFO - werkzeug - Thread-23 (process_request_thread) : 127.0.0.1 - - [05/Jun/2025 16:19:24] "GET /patient/444fa9b9-4206-11f0-9b93-9b1ea4d95ba0/data?experimentId=af0464a9-4216-11f0-92b4-9b1ea4d95ba0 HTTP/1.1" 200 -
2025-06-05 16:20:30,342 - INFO - __main__ - Thread-24 (process_request_thread) : User 'user' authenticated successfully.
2025-06-05 16:20:30,342 - DEBUG - datastructure - Thread-24 (process_request_thread) : DataStorage __init__ called.
2025-06-05 16:20:30,342 - DEBUG - datastructure - Thread-24 (process_request_thread) : Patient retrieved: ID '444fa9b9-4206-11f0-9b93-9b1ea4d95ba0'
2025-06-05 16:20:30,342 - DEBUG - datastructure - Thread-24 (process_request_thread) : DataPoint retrieved: ID '78f4d9df-4217-11f0-9ea7-9b1ea4d95ba0'
2025-06-05 16:20:30,342 - INFO - __main__ - Thread-24 (process_request_thread) : Data point '78f4d9df-4217-11f0-9ea7-9b1ea4d95ba0' for patient '444fa9b9-4206-11f0-9b93-9b1ea4d95ba0' retrieved by 'user'.
2025-06-05 16:20:30,342 - INFO - werkzeug - Thread-24 (process_request_thread) : 127.0.0.1 - - [05/Jun/2025 16:20:30] "GET /patient/444fa9b9-4206-11f0-9b93-9b1ea4d95ba0/data/78f4d9df-4217-11f0-9ea7-9b1ea4d95ba0 HTTP/1.1" 200 -
2025-06-05 16:22:46,114 - INFO - __main__ - Thread-25 (process_request_thread) : User 'user' authenticated successfully.
2025-06-05 16:22:46,114 - DEBUG - datastructure - Thread-25 (process_request_thread) : DataStorage __init__ called.
2025-06-05 16:22:46,114 - DEBUG - datastructure - Thread-25 (process_request_thread) : Patient retrieved: ID '444fa9b9-4206-11f0-9b93-9b1ea4d95ba0'
2025-06-05 16:22:46,114 - INFO - __main__ - Thread-25 (process_request_thread) : PUT request for data point '78f4d9df-4217-11f0-9ea7-9b1ea4d95ba0' by 'user'.
2025-06-05 16:22:46,114 - DEBUG - datastructure - Thread-25 (process_request_thread) : DataPoint retrieved: ID '78f4d9df-4217-11f0-9ea7-9b1ea4d95ba0'
2025-06-05 16:22:46,114 - INFO - datastructure - Thread-25 (process_request_thread) : DataPoint '78f4d9df-4217-11f0-9ea7-9b1ea4d95ba0' (Patient: '444fa9b9-4206-11f0-9b93-9b1ea4d95ba0') data payload updated.
2025-06-05 16:22:46,114 - INFO - __main__ - Thread-25 (process_request_thread) : Data point '78f4d9df-4217-11f0-9ea7-9b1ea4d95ba0' updated by 'user'.
2025-06-05 16:22:46,114 - INFO - werkzeug - Thread-25 (process_request_thread) : 127.0.0.1 - - [05/Jun/2025 16:22:46] "PUT /patient/444fa9b9-4206-11f0-9b93-9b1ea4d95ba0/data/78f4d9df-4217-11f0-9ea7-9b1ea4d95ba0 HTTP/1.1" 200 -
2025-06-05 16:24:14,467 - INFO - __main__ - Thread-26 (process_request_thread) : User 'user' authenticated successfully.
2025-06-05 16:24:14,467 - DEBUG - datastructure - Thread-26 (process_request_thread) : DataStorage __init__ called.
2025-06-05 16:24:14,467 - DEBUG - datastructure - Thread-26 (process_request_thread) : Patient retrieved: ID '444fa9b9-4206-11f0-9b93-9b1ea4d95ba0'
2025-06-05 16:24:14,467 - DEBUG - datastructure - Thread-26 (process_request_thread) : DataPoint retrieved: ID '78f4d9df-4217-11f0-9ea7-9b1ea4d95ba0'
2025-06-05 16:24:14,467 - INFO - __main__ - Thread-26 (process_request_thread) : Data point '78f4d9df-4217-11f0-9ea7-9b1ea4d95ba0' for patient '444fa9b9-4206-11f0-9b93-9b1ea4d95ba0' retrieved by 'user'.
2025-06-05 16:24:14,468 - INFO - werkzeug - Thread-26 (process_request_thread) : 127.0.0.1 - - [05/Jun/2025 16:24:14] "GET /patient/444fa9b9-4206-11f0-9b93-9b1ea4d95ba0/data/78f4d9df-4217-11f0-9ea7-9b1ea4d95ba0 HTTP/1.1" 200 -
2025-06-05 16:25:24,980 - INFO - __main__ - Thread-27 (process_request_thread) : User 'user' authenticated successfully.
2025-06-05 16:25:24,981 - DEBUG - datastructure - Thread-27 (process_request_thread) : DataStorage __init__ called.
2025-06-05 16:25:24,981 - DEBUG - datastructure - Thread-27 (process_request_thread) : Patient retrieved: ID '444fa9b9-4206-11f0-9b93-9b1ea4d95ba0'
2025-06-05 16:25:24,981 - DEBUG - datastructure - Thread-27 (process_request_thread) : DataPoint retrieved: ID '78f4d9df-4217-11f0-9ea7-9b1ea4d95ba0'
2025-06-05 16:25:24,981 - INFO - datastructure - Thread-27 (process_request_thread) : DataPoint '78f4d9df-4217-11f0-9ea7-9b1ea4d95ba0' for patient '444fa9b9-4206-11f0-9b93-9b1ea4d95ba0' deleted.
2025-06-05 16:25:24,981 - INFO - __main__ - Thread-27 (process_request_thread) : Data point '78f4d9df-4217-11f0-9ea7-9b1ea4d95ba0' for patient '444fa9b9-4206-11f0-9b93-9b1ea4d95ba0' deleted by 'user'.
2025-06-05 16:25:24,981 - INFO - werkzeug - Thread-27 (process_request_thread) : 127.0.0.1 - - [05/Jun/2025 16:25:24] "DELETE /patient/444fa9b9-4206-11f0-9b93-9b1ea4d95ba0/data/78f4d9df-4217-11f0-9ea7-9b1ea4d95ba0 HTTP/1.1" 200 -
2025-06-05 16:28:43,736 - INFO - __main__ - Thread-28 (process_request_thread) : User 'user' authenticated successfully.
2025-06-05 16:28:43,736 - DEBUG - datastructure - Thread-28 (process_request_thread) : DataStorage __init__ called.
2025-06-05 16:28:43,736 - DEBUG - datastructure - Thread-28 (process_request_thread) : Patient retrieved: ID '444fa9b9-4206-11f0-9b93-9b1ea4d95ba0'
2025-06-05 16:28:43,736 - DEBUG - datastructure - Thread-28 (process_request_thread) : DataPoint not found: ID '78f4d9df-4217-11f0-9ea7-9b1ea4d95ba0'
2025-06-05 16:28:43,736 - WARNING - __main__ - Thread-28 (process_request_thread) : GET /patient/444fa9b9-4206-11f0-9b93-9b1ea4d95ba0/data/78f4d9df-4217-11f0-9ea7-9b1ea4d95ba0: Data point not found or patient ID mismatch.
2025-06-05 16:28:43,736 - INFO - werkzeug - Thread-28 (process_request_thread) : 127.0.0.1 - - [05/Jun/2025 16:28:43] "[33mGET /patient/444fa9b9-4206-11f0-9b93-9b1ea4d95ba0/data/78f4d9df-4217-11f0-9ea7-9b1ea4d95ba0 HTTP/1.1[0m" 404 -
2025-06-05 16:28:50,869 - INFO - __main__ - Thread-29 (process_request_thread) : User 'user' authenticated successfully.
2025-06-05 16:28:50,869 - INFO - __main__ - Thread-29 (process_request_thread) : '/patients' GET request by 'user'.
2025-06-05 16:28:50,869 - DEBUG - datastructure - Thread-29 (process_request_thread) : DataStorage __init__ called.
2025-06-05 16:28:50,869 - DEBUG - datastructure - Thread-29 (process_request_thread) : Retrieved all 2 patients.
2025-06-05 16:28:50,869 - INFO - werkzeug - Thread-29 (process_request_thread) : 127.0.0.1 - - [05/Jun/2025 16:28:50] "GET /patients HTTP/1.1" 200 -
2025-06-05 16:39:07,995 - INFO - werkzeug - Thread-1 :  * Detected change in 'C:\\Users\\John Arellano\\PycharmProjects\\msd_2025_j.arellano\\Module07_Assignment\\Data_Collection_Exercise\\backendservice-main-src\\datastructure_test.py', reloading
2025-06-05 16:39:07,996 - INFO - werkzeug - Thread-1 :  * Detected change in 'C:\\Users\\John Arellano\\PycharmProjects\\msd_2025_j.arellano\\Module07_Assignment\\Data_Collection_Exercise\\backendservice-main-src\\datastructure_test.py', reloading
2025-06-05 16:39:07,996 - INFO - werkzeug - Thread-1 :  * Detected change in 'C:\\Users\\John Arellano\\PycharmProjects\\msd_2025_j.arellano\\Module07_Assignment\\Data_Collection_Exercise\\backendservice-main-src\\datastructure_test.py', reloading
2025-06-05 16:39:08,965 - INFO - werkzeug - MainThread :  * Restarting with watchdog (windowsapi)
2025-06-05 16:39:09,791 - INFO - __main__ - MainThread : Attempting to load environment from: C:\Users\John Arellano\PycharmProjects\msd_2025_j.arellano\Module07_Assignment\Data_Collection_Exercise\backendservice-main-src\dev_env.json
2025-06-05 16:39:09,791 - INFO - __main__ - MainThread : Environment variables loaded: {'database_url': 'pq.fhnw.ch', 'database_port': '5432', 'database_username': 'dbusername_dev', 'database_password': 'dbpassword_dev', 'log_level': 'debug'}
2025-06-05 16:39:09,792 - INFO - __main__ - MainThread : Log level set to: DEBUG
2025-06-05 16:39:09,796 - INFO - __main__ - MainThread : Starting Data Collection Service...
2025-06-05 16:39:09,796 - INFO - datastructure - MainThread : Creating new DataStorage instance.
2025-06-05 16:39:09,796 - DEBUG - datastructure - MainThread : DataStorage __init__ called.
2025-06-05 16:39:09,796 - INFO - datastructure - MainThread : Attempting to load data from JSON files...
2025-06-05 16:39:09,796 - DEBUG - datastructure - MainThread : Patient initialized/updated: {'name': 'Billy Blaze', 'id': 'bf9eb35c-41ce-11f0-b73e-9b1ea4d95ba0', 'blood_pressure': '120/80', 'heart_rate': 70, 'age': 42}
2025-06-05 16:39:09,796 - DEBUG - datastructure - MainThread : Patient initialized/updated: {'name': 'John Doe', 'id': '444fa9b9-4206-11f0-9b93-9b1ea4d95ba0', 'age': 30}
2025-06-05 16:39:09,796 - DEBUG - datastructure - MainThread : Patient initialized/updated: {'name': 'Jane Doe', 'id': 'ea12c68f-4206-11f0-80ce-9b1ea4d95ba0', 'age': 25}
2025-06-05 16:39:09,796 - INFO - datastructure - MainThread : 3 patients loaded.
2025-06-05 16:39:09,796 - INFO - datastructure - MainThread : 0 experiments loaded.
2025-06-05 16:39:09,797 - ERROR - datastructure - MainThread : Error loading or parsing data.json: 'list' object has no attribute 'items'
Traceback (most recent call last):
  File "C:\Users\John Arellano\PycharmProjects\msd_2025_j.arellano\Module07_Assignment\Data_Collection_Exercise\backendservice-main-src\datastructure.py", line 352, in load_data
    for dp_id, dp_details in dp_data_dict.items():
                             ^^^^^^^^^^^^^^^^^^
AttributeError: 'list' object has no attribute 'items'
2025-06-05 16:39:09,798 - INFO - __main__ - MainThread : Initial data loaded from files (if any existed).
2025-06-05 16:39:09,798 - INFO - __main__ - MainThread : Service will run on host 0.0.0.0, port 5000
2025-06-05 16:39:09,807 - WARNING - werkzeug - MainThread :  * Debugger is active!
2025-06-05 16:39:09,811 - INFO - werkzeug - MainThread :  * Debugger PIN: 104-987-032
2025-06-06 01:24:41,989 - INFO - werkzeug - Thread-1 :  * Detected change in 'C:\\Users\\John Arellano\\PycharmProjects\\msd_2025_j.arellano\\Module07_Assignment\\Data_Collection_Exercise\\backendservice-main-src\\app.py', reloading
2025-06-06 01:24:42,013 - INFO - werkzeug - Thread-1 :  * Detected change in 'C:\\Users\\John Arellano\\PycharmProjects\\msd_2025_j.arellano\\Module07_Assignment\\Data_Collection_Exercise\\backendservice-main-src\\datastructure.py', reloading
2025-06-06 01:24:42,045 - INFO - werkzeug - Thread-1 :  * Detected change in 'C:\\Program Files\\Python312\\Lib\\json\\__init__.py', reloading
2025-06-06 01:24:42,062 - INFO - werkzeug - Thread-1 :  * Detected change in 'C:\\Program Files\\Python312\\Lib\\json\\encoder.py', reloading
2025-06-06 01:24:42,081 - INFO - werkzeug - Thread-1 :  * Detected change in 'C:\\Users\\John Arellano\\PycharmProjects\\msd_2025_j.arellano\\Module07_Assignment\\Data_Collection_Exercise\\backendservice-main-src\\datastructure_test.py', reloading
2025-06-06 01:24:42,082 - INFO - werkzeug - Thread-1 :  * Detected change in 'C:\\Users\\John Arellano\\PycharmProjects\\msd_2025_j.arellano\\Module07_Assignment\\Data_Collection_Exercise\\backendservice-main-src\\idgenerator.py', reloading
2025-06-06 01:24:42,097 - INFO - werkzeug - Thread-1 :  * Detected change in 'C:\\Program Files\\Python312\\Lib\\abc.py', reloading
2025-06-06 01:24:42,113 - INFO - werkzeug - Thread-1 :  * Detected change in 'C:\\Program Files\\Python312\\Lib\\_py_abc.py', reloading
2025-06-06 01:24:42,122 - INFO - werkzeug - Thread-1 :  * Detected change in 'C:\\Users\\John Arellano\\PycharmProjects\\msd_2025_j.arellano\\Module07_Assignment\\Data_Collection_Exercise\\backendservice-main-src\\memory.py', reloading
2025-06-06 01:24:42,233 - INFO - werkzeug - Thread-1 :  * Detected change in 'C:\\Program Files\\Python312\\Lib\\os.py', reloading
2025-06-06 01:24:42,274 - INFO - werkzeug - Thread-1 :  * Detected change in 'C:\\Program Files\\Python312\\Lib\\_collections_abc.py', reloading
2025-06-06 01:24:42,347 - INFO - werkzeug - Thread-1 :  * Detected change in 'C:\\Program Files\\Python312\\Lib\\random.py', reloading
2025-06-06 01:24:42,390 - INFO - werkzeug - Thread-1 :  * Detected change in 'C:\\Program Files\\Python312\\Lib\\logging\\__init__.py', reloading
2025-06-06 01:24:42,444 - INFO - werkzeug - Thread-1 :  * Detected change in 'C:\\Program Files\\Python312\\Lib\\warnings.py', reloading
2025-06-06 01:24:42,506 - INFO - werkzeug - Thread-1 :  * Detected change in 'C:\\Program Files\\Python312\\Lib\\datetime.py', reloading
2025-06-06 01:24:42,522 - INFO - werkzeug - Thread-1 :  * Detected change in 'C:\\Program Files\\Python312\\Lib\\_pydatetime.py', reloading
2025-06-06 01:24:42,619 - INFO - werkzeug - Thread-1 :  * Detected change in 'C:\\Users\\John Arellano\\PycharmProjects\\msd_2025_j.arellano\\.venv\\Lib\\site-packages\\flask\\__init__.py', reloading
2025-06-06 01:24:42,820 - INFO - werkzeug - MainThread :  * Restarting with watchdog (windowsapi)
2025-06-06 01:24:43,948 - INFO - __main__ - MainThread : Attempting to load environment from: C:\Users\John Arellano\PycharmProjects\msd_2025_j.arellano\Module07_Assignment\Data_Collection_Exercise\backendservice-main-src\dev_env.json
2025-06-06 01:24:43,948 - INFO - __main__ - MainThread : Environment variables loaded: {'database_url': 'pq.fhnw.ch', 'database_port': '5432', 'database_username': 'dbusername_dev', 'database_password': 'dbpassword_dev', 'log_level': 'debug'}
2025-06-06 01:24:43,948 - INFO - __main__ - MainThread : Log level set to: DEBUG
2025-06-06 01:24:43,953 - INFO - __main__ - MainThread : Starting Data Collection Service...
2025-06-06 01:24:43,953 - INFO - datastructure - MainThread : Creating new DataStorage instance.
2025-06-06 01:24:43,953 - DEBUG - datastructure - MainThread : DataStorage __init__ called.
2025-06-06 01:24:43,953 - INFO - datastructure - MainThread : Attempting to load data from JSON files...
2025-06-06 01:24:43,954 - DEBUG - datastructure - MainThread : Patient initialized/updated: {'name': 'Billy Blaze', 'id': 'bf9eb35c-41ce-11f0-b73e-9b1ea4d95ba0', 'blood_pressure': '120/80', 'heart_rate': 70, 'age': 42}
2025-06-06 01:24:43,954 - DEBUG - datastructure - MainThread : Patient initialized/updated: {'name': 'John Doe', 'id': '444fa9b9-4206-11f0-9b93-9b1ea4d95ba0', 'age': 30}
2025-06-06 01:24:43,954 - DEBUG - datastructure - MainThread : Patient initialized/updated: {'name': 'Jane Doe', 'id': 'ea12c68f-4206-11f0-80ce-9b1ea4d95ba0', 'age': 25}
2025-06-06 01:24:43,954 - INFO - datastructure - MainThread : 3 patients loaded.
2025-06-06 01:24:43,954 - INFO - datastructure - MainThread : 0 experiments loaded.
2025-06-06 01:24:43,955 - ERROR - datastructure - MainThread : Error loading or parsing data.json: 'list' object has no attribute 'items'
Traceback (most recent call last):
  File "C:\Users\John Arellano\PycharmProjects\msd_2025_j.arellano\Module07_Assignment\Data_Collection_Exercise\backendservice-main-src\datastructure.py", line 352, in load_data
    for dp_id, dp_details in dp_data_dict.items():
                             ^^^^^^^^^^^^^^^^^^
AttributeError: 'list' object has no attribute 'items'
2025-06-06 01:24:43,956 - INFO - __main__ - MainThread : Initial data loaded from files (if any existed).
2025-06-06 01:24:43,956 - INFO - __main__ - MainThread : Service will run on host 0.0.0.0, port 5000
2025-06-06 01:24:43,970 - WARNING - werkzeug - MainThread :  * Debugger is active!
2025-06-06 01:24:43,974 - INFO - werkzeug - MainThread :  * Debugger PIN: 104-987-032
2025-06-06 01:24:44,108 - INFO - werkzeug - Thread-1 :  * Detected change in 'C:\\Users\\John Arellano\\PycharmProjects\\msd_2025_j.arellano\\.venv\\Lib\\site-packages\\psutil\\_psbsd.py', reloading
2025-06-06 01:24:44,136 - INFO - werkzeug - Thread-1 :  * Detected change in 'C:\\Users\\John Arellano\\PycharmProjects\\msd_2025_j.arellano\\.venv\\Lib\\site-packages\\psutil\\_pssunos.py', reloading
2025-06-06 01:24:44,164 - INFO - werkzeug - Thread-1 :  * Detected change in 'C:\\Users\\John Arellano\\PycharmProjects\\msd_2025_j.arellano\\.venv\\Lib\\site-packages\\psutil\\_psaix.py', reloading
2025-06-06 01:24:44,199 - INFO - werkzeug - Thread-1 :  * Detected change in 'C:\\Program Files\\Python312\\Lib\\subprocess.py', reloading
2025-06-06 01:24:44,396 - INFO - werkzeug - Thread-1 :  * Detected change in 'C:\\Program Files\\Python312\\Lib\\threading.py', reloading
2025-06-06 01:24:44,467 - INFO - werkzeug - Thread-1 :  * Detected change in 'C:\\Users\\John Arellano\\PycharmProjects\\msd_2025_j.arellano\\.venv\\Lib\\site-packages\\psutil\\_common.py', reloading
2025-06-06 01:24:44,556 - INFO - werkzeug - Thread-1 :  * Detected change in 'C:\\Users\\John Arellano\\PycharmProjects\\msd_2025_j.arellano\\.venv\\Lib\\site-packages\\memory_profiler.py', reloading
2025-06-06 01:24:44,590 - INFO - werkzeug - Thread-1 :  * Detected change in 'C:\\Program Files\\Python312\\Lib\\multiprocessing\\__init__.py', reloading
2025-06-06 01:24:44,604 - INFO - werkzeug - Thread-1 :  * Detected change in 'C:\\Program Files\\Python312\\Lib\\multiprocessing\\context.py', reloading
2025-06-06 01:24:44,632 - INFO - werkzeug - Thread-1 :  * Detected change in 'C:\\Program Files\\Python312\\Lib\\_threading_local.py', reloading
2025-06-06 01:24:44,655 - INFO - werkzeug - Thread-1 :  * Detected change in 'C:\\Program Files\\Python312\\Lib\\multiprocessing\\process.py', reloading
2025-06-06 01:24:44,685 - INFO - werkzeug - Thread-1 :  * Detected change in 'C:\\Program Files\\Python312\\Lib\\multiprocessing\\dummy\\__init__.py', reloading
2025-06-06 01:24:44,707 - INFO - werkzeug - Thread-1 :  * Detected change in 'C:\\Program Files\\Python312\\Lib\\contextlib.py', reloading
2025-06-06 01:24:44,751 - INFO - werkzeug - Thread-1 :  * Detected change in 'C:\\Program Files\\Python312\\Lib\\pdb.py', reloading
2025-06-06 01:24:44,796 - INFO - werkzeug - Thread-1 :  * Detected change in 'C:\\Program Files\\Python312\\Lib\\posixpath.py', reloading
2025-06-06 01:24:44,817 - INFO - werkzeug - Thread-1 :  * Detected change in 'C:\\Program Files\\Python312\\Lib\\genericpath.py', reloading
2025-06-06 01:24:44,849 - INFO - werkzeug - Thread-1 :  * Detected change in 'C:\\Program Files\\Python312\\Lib\\bdb.py', reloading
2025-06-06 01:24:45,049 - INFO - werkzeug - Thread-1 :  * Detected change in 'C:\\Program Files\\Python312\\Lib\\cmd.py', reloading
2025-06-06 01:24:45,243 - INFO - werkzeug - MainThread :  * Restarting with watchdog (windowsapi)
2025-06-06 01:24:46,228 - INFO - __main__ - MainThread : Attempting to load environment from: C:\Users\John Arellano\PycharmProjects\msd_2025_j.arellano\Module07_Assignment\Data_Collection_Exercise\backendservice-main-src\dev_env.json
2025-06-06 01:24:46,229 - INFO - __main__ - MainThread : Environment variables loaded: {'database_url': 'pq.fhnw.ch', 'database_port': '5432', 'database_username': 'dbusername_dev', 'database_password': 'dbpassword_dev', 'log_level': 'debug'}
2025-06-06 01:24:46,229 - INFO - __main__ - MainThread : Log level set to: DEBUG
2025-06-06 01:24:46,234 - INFO - __main__ - MainThread : Starting Data Collection Service...
2025-06-06 01:24:46,234 - INFO - datastructure - MainThread : Creating new DataStorage instance.
2025-06-06 01:24:46,234 - DEBUG - datastructure - MainThread : DataStorage __init__ called.
2025-06-06 01:24:46,234 - INFO - datastructure - MainThread : Attempting to load data from JSON files...
2025-06-06 01:24:46,234 - DEBUG - datastructure - MainThread : Patient initialized/updated: {'name': 'Billy Blaze', 'id': 'bf9eb35c-41ce-11f0-b73e-9b1ea4d95ba0', 'blood_pressure': '120/80', 'heart_rate': 70, 'age': 42}
2025-06-06 01:24:46,234 - DEBUG - datastructure - MainThread : Patient initialized/updated: {'name': 'John Doe', 'id': '444fa9b9-4206-11f0-9b93-9b1ea4d95ba0', 'age': 30}
2025-06-06 01:24:46,234 - DEBUG - datastructure - MainThread : Patient initialized/updated: {'name': 'Jane Doe', 'id': 'ea12c68f-4206-11f0-80ce-9b1ea4d95ba0', 'age': 25}
2025-06-06 01:24:46,234 - INFO - datastructure - MainThread : 3 patients loaded.
2025-06-06 01:24:46,234 - INFO - datastructure - MainThread : 0 experiments loaded.
2025-06-06 01:24:46,234 - ERROR - datastructure - MainThread : Error loading or parsing data.json: 'list' object has no attribute 'items'
Traceback (most recent call last):
  File "C:\Users\John Arellano\PycharmProjects\msd_2025_j.arellano\Module07_Assignment\Data_Collection_Exercise\backendservice-main-src\datastructure.py", line 352, in load_data
    for dp_id, dp_details in dp_data_dict.items():
                             ^^^^^^^^^^^^^^^^^^
AttributeError: 'list' object has no attribute 'items'
2025-06-06 01:24:46,236 - INFO - __main__ - MainThread : Initial data loaded from files (if any existed).
2025-06-06 01:24:46,236 - INFO - __main__ - MainThread : Service will run on host 0.0.0.0, port 5000
2025-06-06 01:24:46,249 - WARNING - werkzeug - MainThread :  * Debugger is active!
2025-06-06 01:24:46,253 - INFO - werkzeug - MainThread :  * Debugger PIN: 104-987-032
2025-06-06 01:24:46,323 - INFO - werkzeug - Thread-1 :  * Detected change in 'C:\\Program Files\\Python312\\Lib\\weakref.py', reloading
2025-06-06 01:24:46,419 - INFO - werkzeug - Thread-1 :  * Detected change in 'C:\\Users\\John Arellano\\PycharmProjects\\msd_2025_j.arellano\\.venv\\Lib\\site-packages\\werkzeug\\exceptions.py', reloading
2025-06-06 01:24:46,443 - INFO - werkzeug - Thread-1 :  * Detected change in 'C:\\Users\\John Arellano\\PycharmProjects\\msd_2025_j.arellano\\.venv\\Lib\\site-packages\\flask\\ctx.py', reloading
2025-06-06 01:24:46,456 - INFO - werkzeug - Thread-1 :  * Detected change in 'C:\\Users\\John Arellano\\PycharmProjects\\msd_2025_j.arellano\\.venv\\Lib\\site-packages\\flask\\config.py', reloading
2025-06-06 01:24:46,466 - INFO - werkzeug - Thread-1 :  * Detected change in 'C:\\Users\\John Arellano\\PycharmProjects\\msd_2025_j.arellano\\.venv\\Lib\\site-packages\\flask\\sessions.py', reloading
2025-06-06 01:24:46,502 - INFO - werkzeug - Thread-1 :  * Detected change in 'C:\\Program Files\\Python312\\Lib\\ntpath.py', reloading
2025-06-06 01:24:46,546 - INFO - werkzeug - Thread-1 :  * Detected change in 'C:\\Program Files\\Python312\\Lib\\json\\decoder.py', reloading
2025-06-06 01:24:46,580 - INFO - werkzeug - Thread-1 :  * Detected change in 'C:\\Program Files\\Python312\\Lib\\json\\scanner.py', reloading
2025-06-06 01:24:47,558 - INFO - werkzeug - MainThread :  * Restarting with watchdog (windowsapi)
2025-06-06 01:24:48,511 - INFO - __main__ - MainThread : Attempting to load environment from: C:\Users\John Arellano\PycharmProjects\msd_2025_j.arellano\Module07_Assignment\Data_Collection_Exercise\backendservice-main-src\dev_env.json
2025-06-06 01:24:48,512 - INFO - __main__ - MainThread : Environment variables loaded: {'database_url': 'pq.fhnw.ch', 'database_port': '5432', 'database_username': 'dbusername_dev', 'database_password': 'dbpassword_dev', 'log_level': 'debug'}
2025-06-06 01:24:48,512 - INFO - __main__ - MainThread : Log level set to: DEBUG
2025-06-06 01:24:48,517 - INFO - __main__ - MainThread : Starting Data Collection Service...
2025-06-06 01:24:48,517 - INFO - datastructure - MainThread : Creating new DataStorage instance.
2025-06-06 01:24:48,517 - DEBUG - datastructure - MainThread : DataStorage __init__ called.
2025-06-06 01:24:48,517 - INFO - datastructure - MainThread : Attempting to load data from JSON files...
2025-06-06 01:24:48,517 - DEBUG - datastructure - MainThread : Patient initialized/updated: {'name': 'Billy Blaze', 'id': 'bf9eb35c-41ce-11f0-b73e-9b1ea4d95ba0', 'blood_pressure': '120/80', 'heart_rate': 70, 'age': 42}
2025-06-06 01:24:48,517 - DEBUG - datastructure - MainThread : Patient initialized/updated: {'name': 'John Doe', 'id': '444fa9b9-4206-11f0-9b93-9b1ea4d95ba0', 'age': 30}
2025-06-06 01:24:48,517 - DEBUG - datastructure - MainThread : Patient initialized/updated: {'name': 'Jane Doe', 'id': 'ea12c68f-4206-11f0-80ce-9b1ea4d95ba0', 'age': 25}
2025-06-06 01:24:48,517 - INFO - datastructure - MainThread : 3 patients loaded.
2025-06-06 01:24:48,518 - INFO - datastructure - MainThread : 0 experiments loaded.
2025-06-06 01:24:48,518 - ERROR - datastructure - MainThread : Error loading or parsing data.json: 'list' object has no attribute 'items'
Traceback (most recent call last):
  File "C:\Users\John Arellano\PycharmProjects\msd_2025_j.arellano\Module07_Assignment\Data_Collection_Exercise\backendservice-main-src\datastructure.py", line 352, in load_data
    for dp_id, dp_details in dp_data_dict.items():
                             ^^^^^^^^^^^^^^^^^^
AttributeError: 'list' object has no attribute 'items'
2025-06-06 01:24:48,519 - INFO - __main__ - MainThread : Initial data loaded from files (if any existed).
2025-06-06 01:24:48,519 - INFO - __main__ - MainThread : Service will run on host 0.0.0.0, port 5000
2025-06-06 01:24:48,532 - WARNING - werkzeug - MainThread :  * Debugger is active!
2025-06-06 01:24:48,537 - INFO - werkzeug - MainThread :  * Debugger PIN: 104-987-032
2025-06-06 01:32:06,440 - INFO - werkzeug - Thread-1 :  * Detected change in 'C:\\Users\\John Arellano\\PycharmProjects\\msd_2025_j.arellano\\Module07_Assignment\\Data_Collection_Exercise\\backendservice-main-src\\app.py', reloading
2025-06-06 01:32:06,442 - INFO - werkzeug - Thread-1 :  * Detected change in 'C:\\Users\\John Arellano\\PycharmProjects\\msd_2025_j.arellano\\Module07_Assignment\\Data_Collection_Exercise\\backendservice-main-src\\app.py', reloading
2025-06-06 01:32:06,443 - INFO - werkzeug - Thread-1 :  * Detected change in 'C:\\Users\\John Arellano\\PycharmProjects\\msd_2025_j.arellano\\Module07_Assignment\\Data_Collection_Exercise\\backendservice-main-src\\app.py', reloading
2025-06-06 01:32:06,445 - INFO - werkzeug - Thread-1 :  * Detected change in 'C:\\Users\\John Arellano\\PycharmProjects\\msd_2025_j.arellano\\Module07_Assignment\\Data_Collection_Exercise\\backendservice-main-src\\app.py', reloading
2025-06-06 01:32:06,738 - INFO - werkzeug - MainThread :  * Restarting with watchdog (windowsapi)
2025-06-06 01:32:07,604 - INFO - __main__ - MainThread : Attempting to load environment from: C:\Users\John Arellano\PycharmProjects\msd_2025_j.arellano\Module07_Assignment\Data_Collection_Exercise\backendservice-main-src\dev_env.json
2025-06-06 01:32:07,604 - INFO - __main__ - MainThread : Environment variables loaded: {'database_url': 'pq.fhnw.ch', 'database_port': '5432', 'database_username': 'dbusername_dev', 'database_password': 'dbpassword_dev', 'log_level': 'debug'}
2025-06-06 01:32:07,604 - INFO - __main__ - MainThread : Log level set to: DEBUG
2025-06-06 01:32:07,608 - INFO - __main__ - MainThread : Starting Data Collection Service...
2025-06-06 01:32:07,608 - INFO - datastructure - MainThread : Creating new DataStorage instance.
2025-06-06 01:32:07,608 - DEBUG - datastructure - MainThread : DataStorage __init__ called.
2025-06-06 01:32:07,608 - INFO - datastructure - MainThread : Attempting to load data from JSON files...
2025-06-06 01:32:07,608 - DEBUG - datastructure - MainThread : Patient initialized/updated: {'name': 'Billy Blaze', 'id': 'bf9eb35c-41ce-11f0-b73e-9b1ea4d95ba0', 'blood_pressure': '120/80', 'heart_rate': 70, 'age': 42}
2025-06-06 01:32:07,609 - DEBUG - datastructure - MainThread : Patient initialized/updated: {'name': 'John Doe', 'id': '444fa9b9-4206-11f0-9b93-9b1ea4d95ba0', 'age': 30}
2025-06-06 01:32:07,609 - DEBUG - datastructure - MainThread : Patient initialized/updated: {'name': 'Jane Doe', 'id': 'ea12c68f-4206-11f0-80ce-9b1ea4d95ba0', 'age': 25}
2025-06-06 01:32:07,609 - INFO - datastructure - MainThread : 3 patients loaded.
2025-06-06 01:32:07,609 - INFO - datastructure - MainThread : 0 experiments loaded.
2025-06-06 01:32:07,609 - ERROR - datastructure - MainThread : Error loading or parsing data.json: 'list' object has no attribute 'items'
Traceback (most recent call last):
  File "C:\Users\John Arellano\PycharmProjects\msd_2025_j.arellano\Module07_Assignment\Data_Collection_Exercise\backendservice-main-src\datastructure.py", line 352, in load_data
    for dp_id, dp_details in dp_data_dict.items():
                             ^^^^^^^^^^^^^^^^^^
AttributeError: 'list' object has no attribute 'items'
2025-06-06 01:32:07,610 - INFO - __main__ - MainThread : Initial data loaded from files (if any existed).
2025-06-06 01:32:07,610 - INFO - __main__ - MainThread : Service will run on host 0.0.0.0, port 5000
2025-06-06 01:32:07,620 - WARNING - werkzeug - MainThread :  * Debugger is active!
2025-06-06 01:32:07,624 - INFO - werkzeug - MainThread :  * Debugger PIN: 104-987-032
2025-06-06 01:32:55,677 - INFO - werkzeug - Thread-1 :  * Detected change in 'C:\\Users\\John Arellano\\PycharmProjects\\msd_2025_j.arellano\\Module07_Assignment\\Data_Collection_Exercise\\backendservice-main-src\\app.py', reloading
2025-06-06 01:32:55,677 - INFO - werkzeug - Thread-1 :  * Detected change in 'C:\\Users\\John Arellano\\PycharmProjects\\msd_2025_j.arellano\\Module07_Assignment\\Data_Collection_Exercise\\backendservice-main-src\\app.py', reloading
2025-06-06 01:32:55,678 - INFO - werkzeug - Thread-1 :  * Detected change in 'C:\\Users\\John Arellano\\PycharmProjects\\msd_2025_j.arellano\\Module07_Assignment\\Data_Collection_Exercise\\backendservice-main-src\\app.py', reloading
2025-06-06 01:32:55,895 - INFO - werkzeug - MainThread :  * Restarting with watchdog (windowsapi)
2025-06-06 01:32:56,754 - INFO - __main__ - MainThread : Attempting to load environment from: C:\Users\John Arellano\PycharmProjects\msd_2025_j.arellano\Module07_Assignment\Data_Collection_Exercise\backendservice-main-src\dev_env.json
2025-06-06 01:32:56,756 - INFO - __main__ - MainThread : Environment variables loaded: {'database_url': 'pq.fhnw.ch', 'database_port': '5432', 'database_username': 'dbusername_dev', 'database_password': 'dbpassword_dev', 'log_level': 'debug'}
2025-06-06 01:32:56,756 - INFO - __main__ - MainThread : Log level set to: DEBUG
2025-06-06 01:32:56,763 - INFO - __main__ - MainThread : Starting Data Collection Service...
2025-06-06 01:32:56,763 - INFO - datastructure - MainThread : Creating new DataStorage instance.
2025-06-06 01:32:56,763 - DEBUG - datastructure - MainThread : DataStorage __init__ called.
2025-06-06 01:32:56,763 - INFO - datastructure - MainThread : Attempting to load data from JSON files...
2025-06-06 01:32:56,764 - DEBUG - datastructure - MainThread : Patient initialized/updated: {'name': 'Billy Blaze', 'id': 'bf9eb35c-41ce-11f0-b73e-9b1ea4d95ba0', 'blood_pressure': '120/80', 'heart_rate': 70, 'age': 42}
2025-06-06 01:32:56,764 - DEBUG - datastructure - MainThread : Patient initialized/updated: {'name': 'John Doe', 'id': '444fa9b9-4206-11f0-9b93-9b1ea4d95ba0', 'age': 30}
2025-06-06 01:32:56,764 - DEBUG - datastructure - MainThread : Patient initialized/updated: {'name': 'Jane Doe', 'id': 'ea12c68f-4206-11f0-80ce-9b1ea4d95ba0', 'age': 25}
2025-06-06 01:32:56,764 - INFO - datastructure - MainThread : 3 patients loaded.
2025-06-06 01:32:56,764 - INFO - datastructure - MainThread : 0 experiments loaded.
2025-06-06 01:32:56,764 - ERROR - datastructure - MainThread : Error loading or parsing data.json: 'list' object has no attribute 'items'
Traceback (most recent call last):
  File "C:\Users\John Arellano\PycharmProjects\msd_2025_j.arellano\Module07_Assignment\Data_Collection_Exercise\backendservice-main-src\datastructure.py", line 352, in load_data
    for dp_id, dp_details in dp_data_dict.items():
                             ^^^^^^^^^^^^^^^^^^
AttributeError: 'list' object has no attribute 'items'
2025-06-06 01:32:56,767 - INFO - __main__ - MainThread : Initial data loaded from files (if any existed).
2025-06-06 01:32:56,767 - INFO - __main__ - MainThread : Service will run on host 0.0.0.0, port 5000
2025-06-06 01:32:56,783 - WARNING - werkzeug - MainThread :  * Debugger is active!
2025-06-06 01:32:56,790 - INFO - werkzeug - MainThread :  * Debugger PIN: 104-987-032
2025-06-06 01:33:35,763 - INFO - werkzeug - Thread-1 :  * Detected change in 'C:\\Users\\John Arellano\\PycharmProjects\\msd_2025_j.arellano\\Module07_Assignment\\Data_Collection_Exercise\\backendservice-main-src\\app.py', reloading
2025-06-06 01:33:35,764 - INFO - werkzeug - Thread-1 :  * Detected change in 'C:\\Users\\John Arellano\\PycharmProjects\\msd_2025_j.arellano\\Module07_Assignment\\Data_Collection_Exercise\\backendservice-main-src\\app.py', reloading
2025-06-06 01:33:35,764 - INFO - werkzeug - Thread-1 :  * Detected change in 'C:\\Users\\John Arellano\\PycharmProjects\\msd_2025_j.arellano\\Module07_Assignment\\Data_Collection_Exercise\\backendservice-main-src\\app.py', reloading
2025-06-06 01:33:35,765 - INFO - werkzeug - Thread-1 :  * Detected change in 'C:\\Users\\John Arellano\\PycharmProjects\\msd_2025_j.arellano\\Module07_Assignment\\Data_Collection_Exercise\\backendservice-main-src\\app.py', reloading
2025-06-06 01:33:36,020 - INFO - werkzeug - MainThread :  * Restarting with watchdog (windowsapi)
2025-06-06 01:33:36,843 - INFO - __main__ - MainThread : Attempting to load environment from: C:\Users\John Arellano\PycharmProjects\msd_2025_j.arellano\Module07_Assignment\Data_Collection_Exercise\backendservice-main-src\dev_env.json
2025-06-06 01:33:36,843 - INFO - __main__ - MainThread : Environment variables loaded: {'database_url': 'pq.fhnw.ch', 'database_port': '5432', 'database_username': 'dbusername_dev', 'database_password': 'dbpassword_dev', 'log_level': 'debug'}
2025-06-06 01:33:36,843 - INFO - __main__ - MainThread : Log level set to: DEBUG
2025-06-06 01:33:36,848 - INFO - __main__ - MainThread : Starting Data Collection Service...
2025-06-06 01:33:36,848 - INFO - datastructure - MainThread : Creating new DataStorage instance.
2025-06-06 01:33:36,848 - DEBUG - datastructure - MainThread : DataStorage __init__ called.
2025-06-06 01:33:36,848 - INFO - datastructure - MainThread : Attempting to load data from JSON files...
2025-06-06 01:33:36,848 - DEBUG - datastructure - MainThread : Patient initialized/updated: {'name': 'Billy Blaze', 'id': 'bf9eb35c-41ce-11f0-b73e-9b1ea4d95ba0', 'blood_pressure': '120/80', 'heart_rate': 70, 'age': 42}
2025-06-06 01:33:36,848 - DEBUG - datastructure - MainThread : Patient initialized/updated: {'name': 'John Doe', 'id': '444fa9b9-4206-11f0-9b93-9b1ea4d95ba0', 'age': 30}
2025-06-06 01:33:36,848 - DEBUG - datastructure - MainThread : Patient initialized/updated: {'name': 'Jane Doe', 'id': 'ea12c68f-4206-11f0-80ce-9b1ea4d95ba0', 'age': 25}
2025-06-06 01:33:36,848 - INFO - datastructure - MainThread : 3 patients loaded.
2025-06-06 01:33:36,848 - INFO - datastructure - MainThread : 0 experiments loaded.
2025-06-06 01:33:36,848 - ERROR - datastructure - MainThread : Error loading or parsing data.json: 'list' object has no attribute 'items'
Traceback (most recent call last):
  File "C:\Users\John Arellano\PycharmProjects\msd_2025_j.arellano\Module07_Assignment\Data_Collection_Exercise\backendservice-main-src\datastructure.py", line 352, in load_data
    for dp_id, dp_details in dp_data_dict.items():
                             ^^^^^^^^^^^^^^^^^^
AttributeError: 'list' object has no attribute 'items'
2025-06-06 01:33:36,849 - INFO - __main__ - MainThread : Initial data loaded from files (if any existed).
2025-06-06 01:33:36,849 - INFO - __main__ - MainThread : Service will run on host 0.0.0.0, port 5000
2025-06-06 01:33:36,861 - WARNING - werkzeug - MainThread :  * Debugger is active!
2025-06-06 01:33:36,865 - INFO - werkzeug - MainThread :  * Debugger PIN: 104-987-032
2025-06-06 01:40:26,443 - INFO - werkzeug - Thread-1 :  * Detected change in 'C:\\Users\\John Arellano\\PycharmProjects\\msd_2025_j.arellano\\Module07_Assignment\\Data_Collection_Exercise\\backendservice-main-src\\app.py', reloading
2025-06-06 01:40:26,443 - INFO - werkzeug - Thread-1 :  * Detected change in 'C:\\Users\\John Arellano\\PycharmProjects\\msd_2025_j.arellano\\Module07_Assignment\\Data_Collection_Exercise\\backendservice-main-src\\app.py', reloading
2025-06-06 01:40:26,444 - INFO - werkzeug - Thread-1 :  * Detected change in 'C:\\Users\\John Arellano\\PycharmProjects\\msd_2025_j.arellano\\Module07_Assignment\\Data_Collection_Exercise\\backendservice-main-src\\app.py', reloading
2025-06-06 01:40:26,444 - INFO - werkzeug - Thread-1 :  * Detected change in 'C:\\Users\\John Arellano\\PycharmProjects\\msd_2025_j.arellano\\Module07_Assignment\\Data_Collection_Exercise\\backendservice-main-src\\app.py', reloading
2025-06-06 01:40:27,062 - INFO - werkzeug - MainThread :  * Restarting with watchdog (windowsapi)
2025-06-06 01:40:28,278 - INFO - __main__ - MainThread : Attempting to load environment from: C:\Users\John Arellano\PycharmProjects\msd_2025_j.arellano\Module07_Assignment\Data_Collection_Exercise\backendservice-main-src\dev_env.json
2025-06-06 01:40:28,278 - INFO - __main__ - MainThread : Environment variables loaded: {'database_url': 'pq.fhnw.ch', 'database_port': '5432', 'database_username': 'dbusername_dev', 'database_password': 'dbpassword_dev', 'log_level': 'debug'}
2025-06-06 01:40:28,278 - INFO - __main__ - MainThread : Log level set to: DEBUG
2025-06-06 01:40:28,282 - INFO - __main__ - MainThread : Starting Data Collection Service...
2025-06-06 01:40:28,282 - INFO - datastructure - MainThread : Creating new DataStorage instance.
2025-06-06 01:40:28,282 - DEBUG - datastructure - MainThread : DataStorage __init__ called.
2025-06-06 01:40:28,282 - INFO - datastructure - MainThread : Attempting to load data from JSON files...
2025-06-06 01:40:28,282 - DEBUG - datastructure - MainThread : Patient initialized/updated: {'name': 'Billy Blaze', 'id': 'bf9eb35c-41ce-11f0-b73e-9b1ea4d95ba0', 'blood_pressure': '120/80', 'heart_rate': 70, 'age': 42}
2025-06-06 01:40:28,282 - DEBUG - datastructure - MainThread : Patient initialized/updated: {'name': 'John Doe', 'id': '444fa9b9-4206-11f0-9b93-9b1ea4d95ba0', 'age': 30}
2025-06-06 01:40:28,282 - DEBUG - datastructure - MainThread : Patient initialized/updated: {'name': 'Jane Doe', 'id': 'ea12c68f-4206-11f0-80ce-9b1ea4d95ba0', 'age': 25}
2025-06-06 01:40:28,283 - INFO - datastructure - MainThread : 3 patients loaded.
2025-06-06 01:40:28,283 - INFO - datastructure - MainThread : 0 experiments loaded.
2025-06-06 01:40:28,283 - ERROR - datastructure - MainThread : Error loading or parsing data.json: 'list' object has no attribute 'items'
Traceback (most recent call last):
  File "C:\Users\John Arellano\PycharmProjects\msd_2025_j.arellano\Module07_Assignment\Data_Collection_Exercise\backendservice-main-src\datastructure.py", line 352, in load_data
    for dp_id, dp_details in dp_data_dict.items():
                             ^^^^^^^^^^^^^^^^^^
AttributeError: 'list' object has no attribute 'items'
2025-06-06 01:40:28,284 - INFO - __main__ - MainThread : Initial data loaded from files (if any existed).
2025-06-06 01:40:28,284 - INFO - __main__ - MainThread : Service will run on host 0.0.0.0, port 5000
2025-06-06 01:40:28,293 - WARNING - werkzeug - MainThread :  * Debugger is active!
2025-06-06 01:40:28,298 - INFO - werkzeug - MainThread :  * Debugger PIN: 104-987-032
2025-06-06 01:43:57,243 - INFO - werkzeug - Thread-1 :  * Detected change in 'C:\\Users\\John Arellano\\PycharmProjects\\msd_2025_j.arellano\\Module07_Assignment\\Data_Collection_Exercise\\backendservice-main-src\\app.py', reloading
2025-06-06 01:43:57,244 - INFO - werkzeug - Thread-1 :  * Detected change in 'C:\\Users\\John Arellano\\PycharmProjects\\msd_2025_j.arellano\\Module07_Assignment\\Data_Collection_Exercise\\backendservice-main-src\\app.py', reloading
2025-06-06 01:43:57,244 - INFO - werkzeug - Thread-1 :  * Detected change in 'C:\\Users\\John Arellano\\PycharmProjects\\msd_2025_j.arellano\\Module07_Assignment\\Data_Collection_Exercise\\backendservice-main-src\\app.py', reloading
2025-06-06 01:43:58,156 - INFO - werkzeug - MainThread :  * Restarting with watchdog (windowsapi)
2025-06-06 01:43:58,932 - INFO - __main__ - MainThread : Attempting to load environment from: C:\Users\John Arellano\PycharmProjects\msd_2025_j.arellano\Module07_Assignment\Data_Collection_Exercise\backendservice-main-src\dev_env.json
2025-06-06 01:43:58,933 - INFO - __main__ - MainThread : Environment variables loaded: {'database_url': 'pq.fhnw.ch', 'database_port': '5432', 'database_username': 'dbusername_dev', 'database_password': 'dbpassword_dev', 'log_level': 'debug'}
2025-06-06 01:43:58,933 - INFO - __main__ - MainThread : Log level set to: DEBUG
2025-06-06 01:43:58,937 - INFO - __main__ - MainThread : Starting Data Collection Service...
2025-06-06 01:43:58,937 - INFO - datastructure - MainThread : Creating new DataStorage instance.
2025-06-06 01:43:58,937 - DEBUG - datastructure - MainThread : DataStorage __init__ called.
2025-06-06 01:43:58,937 - INFO - datastructure - MainThread : Attempting to load data from JSON files...
2025-06-06 01:43:58,937 - DEBUG - datastructure - MainThread : Patient initialized/updated: {'name': 'Billy Blaze', 'id': 'bf9eb35c-41ce-11f0-b73e-9b1ea4d95ba0', 'blood_pressure': '120/80', 'heart_rate': 70, 'age': 42}
2025-06-06 01:43:58,937 - DEBUG - datastructure - MainThread : Patient initialized/updated: {'name': 'John Doe', 'id': '444fa9b9-4206-11f0-9b93-9b1ea4d95ba0', 'age': 30}
2025-06-06 01:43:58,937 - DEBUG - datastructure - MainThread : Patient initialized/updated: {'name': 'Jane Doe', 'id': 'ea12c68f-4206-11f0-80ce-9b1ea4d95ba0', 'age': 25}
2025-06-06 01:43:58,937 - INFO - datastructure - MainThread : 3 patients loaded.
2025-06-06 01:43:58,938 - INFO - datastructure - MainThread : 0 experiments loaded.
2025-06-06 01:43:58,938 - ERROR - datastructure - MainThread : Error loading or parsing data.json: 'list' object has no attribute 'items'
Traceback (most recent call last):
  File "C:\Users\John Arellano\PycharmProjects\msd_2025_j.arellano\Module07_Assignment\Data_Collection_Exercise\backendservice-main-src\datastructure.py", line 352, in load_data
    for dp_id, dp_details in dp_data_dict.items():
                             ^^^^^^^^^^^^^^^^^^
AttributeError: 'list' object has no attribute 'items'
2025-06-06 01:43:58,939 - INFO - __main__ - MainThread : Initial data loaded from files (if any existed).
2025-06-06 01:43:58,939 - INFO - __main__ - MainThread : Service will run on host 0.0.0.0, port 5000
2025-06-06 01:43:58,948 - WARNING - werkzeug - MainThread :  * Debugger is active!
2025-06-06 01:43:58,951 - INFO - werkzeug - MainThread :  * Debugger PIN: 104-987-032
2025-06-06 01:44:42,326 - INFO - werkzeug - Thread-1 :  * Detected change in 'C:\\Users\\John Arellano\\PycharmProjects\\msd_2025_j.arellano\\Module07_Assignment\\Data_Collection_Exercise\\backendservice-main-src\\app.py', reloading
2025-06-06 01:44:42,327 - INFO - werkzeug - Thread-1 :  * Detected change in 'C:\\Users\\John Arellano\\PycharmProjects\\msd_2025_j.arellano\\Module07_Assignment\\Data_Collection_Exercise\\backendservice-main-src\\app.py', reloading
2025-06-06 01:44:42,327 - INFO - werkzeug - Thread-1 :  * Detected change in 'C:\\Users\\John Arellano\\PycharmProjects\\msd_2025_j.arellano\\Module07_Assignment\\Data_Collection_Exercise\\backendservice-main-src\\app.py', reloading
2025-06-06 01:44:42,328 - INFO - werkzeug - Thread-1 :  * Detected change in 'C:\\Users\\John Arellano\\PycharmProjects\\msd_2025_j.arellano\\Module07_Assignment\\Data_Collection_Exercise\\backendservice-main-src\\app.py', reloading
2025-06-06 01:44:43,205 - INFO - werkzeug - MainThread :  * Restarting with watchdog (windowsapi)
2025-06-06 01:44:44,051 - INFO - __main__ - MainThread : Attempting to load environment from: C:\Users\John Arellano\PycharmProjects\msd_2025_j.arellano\Module07_Assignment\Data_Collection_Exercise\backendservice-main-src\dev_env.json
2025-06-06 01:44:44,051 - INFO - __main__ - MainThread : Environment variables loaded: {'database_url': 'pq.fhnw.ch', 'database_port': '5432', 'database_username': 'dbusername_dev', 'database_password': 'dbpassword_dev', 'log_level': 'debug'}
2025-06-06 01:44:44,051 - INFO - __main__ - MainThread : Log level set to: DEBUG
2025-06-06 01:44:44,056 - INFO - __main__ - MainThread : Starting Data Collection Service...
2025-06-06 01:44:44,056 - INFO - datastructure - MainThread : Creating new DataStorage instance.
2025-06-06 01:44:44,056 - DEBUG - datastructure - MainThread : DataStorage __init__ called.
2025-06-06 01:44:44,056 - INFO - datastructure - MainThread : Attempting to load data from JSON files...
2025-06-06 01:44:44,056 - DEBUG - datastructure - MainThread : Patient initialized/updated: {'name': 'Billy Blaze', 'id': 'bf9eb35c-41ce-11f0-b73e-9b1ea4d95ba0', 'blood_pressure': '120/80', 'heart_rate': 70, 'age': 42}
2025-06-06 01:44:44,056 - DEBUG - datastructure - MainThread : Patient initialized/updated: {'name': 'John Doe', 'id': '444fa9b9-4206-11f0-9b93-9b1ea4d95ba0', 'age': 30}
2025-06-06 01:44:44,056 - DEBUG - datastructure - MainThread : Patient initialized/updated: {'name': 'Jane Doe', 'id': 'ea12c68f-4206-11f0-80ce-9b1ea4d95ba0', 'age': 25}
2025-06-06 01:44:44,056 - INFO - datastructure - MainThread : 3 patients loaded.
2025-06-06 01:44:44,057 - INFO - datastructure - MainThread : 0 experiments loaded.
2025-06-06 01:44:44,057 - ERROR - datastructure - MainThread : Error loading or parsing data.json: 'list' object has no attribute 'items'
Traceback (most recent call last):
  File "C:\Users\John Arellano\PycharmProjects\msd_2025_j.arellano\Module07_Assignment\Data_Collection_Exercise\backendservice-main-src\datastructure.py", line 352, in load_data
    for dp_id, dp_details in dp_data_dict.items():
                             ^^^^^^^^^^^^^^^^^^
AttributeError: 'list' object has no attribute 'items'
2025-06-06 01:44:44,057 - INFO - __main__ - MainThread : Initial data loaded from files (if any existed).
2025-06-06 01:44:44,057 - INFO - __main__ - MainThread : Service will run on host 0.0.0.0, port 5000
2025-06-06 01:44:44,067 - WARNING - werkzeug - MainThread :  * Debugger is active!
2025-06-06 01:44:44,071 - INFO - werkzeug - MainThread :  * Debugger PIN: 104-987-032
2025-06-06 01:45:19,852 - INFO - werkzeug - Thread-1 :  * Detected change in 'C:\\Users\\John Arellano\\PycharmProjects\\msd_2025_j.arellano\\Module07_Assignment\\Data_Collection_Exercise\\backendservice-main-src\\app.py', reloading
2025-06-06 01:45:19,853 - INFO - werkzeug - Thread-1 :  * Detected change in 'C:\\Users\\John Arellano\\PycharmProjects\\msd_2025_j.arellano\\Module07_Assignment\\Data_Collection_Exercise\\backendservice-main-src\\app.py', reloading
2025-06-06 01:45:19,853 - INFO - werkzeug - Thread-1 :  * Detected change in 'C:\\Users\\John Arellano\\PycharmProjects\\msd_2025_j.arellano\\Module07_Assignment\\Data_Collection_Exercise\\backendservice-main-src\\app.py', reloading
2025-06-06 01:45:19,854 - INFO - werkzeug - Thread-1 :  * Detected change in 'C:\\Users\\John Arellano\\PycharmProjects\\msd_2025_j.arellano\\Module07_Assignment\\Data_Collection_Exercise\\backendservice-main-src\\app.py', reloading
2025-06-06 01:45:20,153 - INFO - werkzeug - MainThread :  * Restarting with watchdog (windowsapi)
2025-06-06 01:45:21,038 - INFO - __main__ - MainThread : Attempting to load environment from: C:\Users\John Arellano\PycharmProjects\msd_2025_j.arellano\Module07_Assignment\Data_Collection_Exercise\backendservice-main-src\dev_env.json
2025-06-06 01:45:21,038 - INFO - __main__ - MainThread : Environment variables loaded: {'database_url': 'pq.fhnw.ch', 'database_port': '5432', 'database_username': 'dbusername_dev', 'database_password': 'dbpassword_dev', 'log_level': 'debug'}
2025-06-06 01:45:21,038 - INFO - __main__ - MainThread : Log level set to: DEBUG
2025-06-06 01:45:21,042 - INFO - __main__ - MainThread : Starting Data Collection Service...
2025-06-06 01:45:21,042 - INFO - datastructure - MainThread : Creating new DataStorage instance.
2025-06-06 01:45:21,042 - DEBUG - datastructure - MainThread : DataStorage __init__ called.
2025-06-06 01:45:21,042 - INFO - datastructure - MainThread : Attempting to load data from JSON files...
2025-06-06 01:45:21,043 - DEBUG - datastructure - MainThread : Patient initialized/updated: {'name': 'Billy Blaze', 'id': 'bf9eb35c-41ce-11f0-b73e-9b1ea4d95ba0', 'blood_pressure': '120/80', 'heart_rate': 70, 'age': 42}
2025-06-06 01:45:21,043 - DEBUG - datastructure - MainThread : Patient initialized/updated: {'name': 'John Doe', 'id': '444fa9b9-4206-11f0-9b93-9b1ea4d95ba0', 'age': 30}
2025-06-06 01:45:21,043 - DEBUG - datastructure - MainThread : Patient initialized/updated: {'name': 'Jane Doe', 'id': 'ea12c68f-4206-11f0-80ce-9b1ea4d95ba0', 'age': 25}
2025-06-06 01:45:21,043 - INFO - datastructure - MainThread : 3 patients loaded.
2025-06-06 01:45:21,043 - INFO - datastructure - MainThread : 0 experiments loaded.
2025-06-06 01:45:21,043 - ERROR - datastructure - MainThread : Error loading or parsing data.json: 'list' object has no attribute 'items'
Traceback (most recent call last):
  File "C:\Users\John Arellano\PycharmProjects\msd_2025_j.arellano\Module07_Assignment\Data_Collection_Exercise\backendservice-main-src\datastructure.py", line 352, in load_data
    for dp_id, dp_details in dp_data_dict.items():
                             ^^^^^^^^^^^^^^^^^^
AttributeError: 'list' object has no attribute 'items'
2025-06-06 01:45:21,044 - INFO - __main__ - MainThread : Initial data loaded from files (if any existed).
2025-06-06 01:45:21,044 - INFO - __main__ - MainThread : Service will run on host 0.0.0.0, port 5000
2025-06-06 01:45:21,054 - WARNING - werkzeug - MainThread :  * Debugger is active!
2025-06-06 01:45:21,057 - INFO - werkzeug - MainThread :  * Debugger PIN: 104-987-032
2025-06-06 01:45:45,849 - INFO - werkzeug - Thread-1 :  * Detected change in 'C:\\Users\\John Arellano\\PycharmProjects\\msd_2025_j.arellano\\Module07_Assignment\\Data_Collection_Exercise\\backendservice-main-src\\app.py', reloading
2025-06-06 01:45:45,849 - INFO - werkzeug - Thread-1 :  * Detected change in 'C:\\Users\\John Arellano\\PycharmProjects\\msd_2025_j.arellano\\Module07_Assignment\\Data_Collection_Exercise\\backendservice-main-src\\app.py', reloading
2025-06-06 01:45:45,850 - INFO - werkzeug - Thread-1 :  * Detected change in 'C:\\Users\\John Arellano\\PycharmProjects\\msd_2025_j.arellano\\Module07_Assignment\\Data_Collection_Exercise\\backendservice-main-src\\app.py', reloading
2025-06-06 01:45:46,934 - INFO - werkzeug - MainThread :  * Restarting with watchdog (windowsapi)
2025-06-06 01:45:47,719 - INFO - __main__ - MainThread : Attempting to load environment from: C:\Users\John Arellano\PycharmProjects\msd_2025_j.arellano\Module07_Assignment\Data_Collection_Exercise\backendservice-main-src\dev_env.json
2025-06-06 01:45:47,720 - INFO - __main__ - MainThread : Environment variables loaded: {'database_url': 'pq.fhnw.ch', 'database_port': '5432', 'database_username': 'dbusername_dev', 'database_password': 'dbpassword_dev', 'log_level': 'debug'}
2025-06-06 01:45:47,720 - INFO - __main__ - MainThread : Log level set to: DEBUG
2025-06-06 01:45:47,724 - INFO - __main__ - MainThread : Starting Data Collection Service...
2025-06-06 01:45:47,724 - INFO - datastructure - MainThread : Creating new DataStorage instance.
2025-06-06 01:45:47,724 - DEBUG - datastructure - MainThread : DataStorage __init__ called.
2025-06-06 01:45:47,724 - INFO - datastructure - MainThread : Attempting to load data from JSON files...
2025-06-06 01:45:47,724 - DEBUG - datastructure - MainThread : Patient initialized/updated: {'name': 'Billy Blaze', 'id': 'bf9eb35c-41ce-11f0-b73e-9b1ea4d95ba0', 'blood_pressure': '120/80', 'heart_rate': 70, 'age': 42}
2025-06-06 01:45:47,724 - DEBUG - datastructure - MainThread : Patient initialized/updated: {'name': 'John Doe', 'id': '444fa9b9-4206-11f0-9b93-9b1ea4d95ba0', 'age': 30}
2025-06-06 01:45:47,724 - DEBUG - datastructure - MainThread : Patient initialized/updated: {'name': 'Jane Doe', 'id': 'ea12c68f-4206-11f0-80ce-9b1ea4d95ba0', 'age': 25}
2025-06-06 01:45:47,724 - INFO - datastructure - MainThread : 3 patients loaded.
2025-06-06 01:45:47,724 - INFO - datastructure - MainThread : 0 experiments loaded.
2025-06-06 01:45:47,726 - ERROR - datastructure - MainThread : Error loading or parsing data.json: 'list' object has no attribute 'items'
Traceback (most recent call last):
  File "C:\Users\John Arellano\PycharmProjects\msd_2025_j.arellano\Module07_Assignment\Data_Collection_Exercise\backendservice-main-src\datastructure.py", line 352, in load_data
    for dp_id, dp_details in dp_data_dict.items():
                             ^^^^^^^^^^^^^^^^^^
AttributeError: 'list' object has no attribute 'items'
2025-06-06 01:45:47,726 - INFO - __main__ - MainThread : Initial data loaded from files (if any existed).
2025-06-06 01:45:47,726 - INFO - __main__ - MainThread : Service will run on host 0.0.0.0, port 5000
2025-06-06 01:45:47,736 - WARNING - werkzeug - MainThread :  * Debugger is active!
2025-06-06 01:45:47,741 - INFO - werkzeug - MainThread :  * Debugger PIN: 104-987-032
2025-06-06 01:48:02,191 - INFO - werkzeug - Thread-1 :  * Detected change in 'C:\\Users\\John Arellano\\PycharmProjects\\msd_2025_j.arellano\\.venv\\Lib\\site-packages\\PIL\\__init__.py', reloading
2025-06-06 01:48:02,191 - INFO - werkzeug - Thread-1 :  * Detected change in 'C:\\Users\\John Arellano\\PycharmProjects\\msd_2025_j.arellano\\.venv\\Lib\\site-packages\\PIL\\_version.py', reloading
2025-06-06 01:48:02,193 - INFO - werkzeug - Thread-1 :  * Detected change in 'C:\\Users\\John Arellano\\PycharmProjects\\msd_2025_j.arellano\\.venv\\Lib\\site-packages\\PIL\\Image.py', reloading
2025-06-06 01:48:02,230 - INFO - werkzeug - Thread-1 :  * Detected change in 'C:\\Users\\John Arellano\\PycharmProjects\\msd_2025_j.arellano\\.venv\\Lib\\site-packages\\PIL\\ExifTags.py', reloading
2025-06-06 01:48:02,235 - INFO - werkzeug - Thread-1 :  * Detected change in 'C:\\Users\\John Arellano\\PycharmProjects\\msd_2025_j.arellano\\.venv\\Lib\\site-packages\\PIL\\ImageMode.py', reloading
2025-06-06 01:48:02,236 - INFO - werkzeug - Thread-1 :  * Detected change in 'C:\\Users\\John Arellano\\PycharmProjects\\msd_2025_j.arellano\\.venv\\Lib\\site-packages\\PIL\\_deprecate.py', reloading
2025-06-06 01:48:02,237 - INFO - werkzeug - Thread-1 :  * Detected change in 'C:\\Users\\John Arellano\\PycharmProjects\\msd_2025_j.arellano\\.venv\\Lib\\site-packages\\PIL\\TiffTags.py', reloading
2025-06-06 01:48:02,242 - INFO - werkzeug - Thread-1 :  * Detected change in 'C:\\Users\\John Arellano\\PycharmProjects\\msd_2025_j.arellano\\.venv\\Lib\\site-packages\\PIL\\_binary.py', reloading
2025-06-06 01:48:02,244 - INFO - werkzeug - Thread-1 :  * Detected change in 'C:\\Users\\John Arellano\\PycharmProjects\\msd_2025_j.arellano\\.venv\\Lib\\site-packages\\PIL\\_util.py', reloading
2025-06-06 01:48:02,245 - INFO - werkzeug - Thread-1 :  * Detected change in 'C:\\Users\\John Arellano\\PycharmProjects\\msd_2025_j.arellano\\.venv\\Lib\\site-packages\\PIL\\_typing.py', reloading
2025-06-06 01:48:03,051 - INFO - werkzeug - MainThread :  * Restarting with watchdog (windowsapi)
2025-06-06 01:48:03,853 - INFO - __main__ - MainThread : Attempting to load environment from: C:\Users\John Arellano\PycharmProjects\msd_2025_j.arellano\Module07_Assignment\Data_Collection_Exercise\backendservice-main-src\dev_env.json
2025-06-06 01:48:03,854 - INFO - __main__ - MainThread : Environment variables loaded: {'database_url': 'pq.fhnw.ch', 'database_port': '5432', 'database_username': 'dbusername_dev', 'database_password': 'dbpassword_dev', 'log_level': 'debug'}
2025-06-06 01:48:03,854 - INFO - __main__ - MainThread : Log level set to: DEBUG
2025-06-06 01:48:03,858 - INFO - __main__ - MainThread : Starting Data Collection Service...
2025-06-06 01:48:03,858 - INFO - datastructure - MainThread : Creating new DataStorage instance.
2025-06-06 01:48:03,858 - DEBUG - datastructure - MainThread : DataStorage __init__ called.
2025-06-06 01:48:03,858 - INFO - datastructure - MainThread : Attempting to load data from JSON files...
2025-06-06 01:48:03,858 - DEBUG - datastructure - MainThread : Patient initialized/updated: {'name': 'Billy Blaze', 'id': 'bf9eb35c-41ce-11f0-b73e-9b1ea4d95ba0', 'blood_pressure': '120/80', 'heart_rate': 70, 'age': 42}
2025-06-06 01:48:03,858 - DEBUG - datastructure - MainThread : Patient initialized/updated: {'name': 'John Doe', 'id': '444fa9b9-4206-11f0-9b93-9b1ea4d95ba0', 'age': 30}
2025-06-06 01:48:03,858 - DEBUG - datastructure - MainThread : Patient initialized/updated: {'name': 'Jane Doe', 'id': 'ea12c68f-4206-11f0-80ce-9b1ea4d95ba0', 'age': 25}
2025-06-06 01:48:03,859 - INFO - datastructure - MainThread : 3 patients loaded.
2025-06-06 01:48:03,859 - INFO - datastructure - MainThread : 0 experiments loaded.
2025-06-06 01:48:03,859 - ERROR - datastructure - MainThread : Error loading or parsing data.json: 'list' object has no attribute 'items'
Traceback (most recent call last):
  File "C:\Users\John Arellano\PycharmProjects\msd_2025_j.arellano\Module07_Assignment\Data_Collection_Exercise\backendservice-main-src\datastructure.py", line 352, in load_data
    for dp_id, dp_details in dp_data_dict.items():
                             ^^^^^^^^^^^^^^^^^^
AttributeError: 'list' object has no attribute 'items'
2025-06-06 01:48:03,860 - INFO - __main__ - MainThread : Initial data loaded from files (if any existed).
2025-06-06 01:48:03,860 - INFO - __main__ - MainThread : Service will run on host 0.0.0.0, port 5000
2025-06-06 01:48:03,869 - WARNING - werkzeug - MainThread :  * Debugger is active!
2025-06-06 01:48:03,872 - INFO - werkzeug - MainThread :  * Debugger PIN: 104-987-032
2025-06-06 01:48:14,600 - INFO - werkzeug - Thread-1 :  * Detected change in 'C:\\Users\\John Arellano\\PycharmProjects\\msd_2025_j.arellano\\Module07_Assignment\\Data_Collection_Exercise\\backendservice-main-src\\app.py', reloading
2025-06-06 01:48:14,601 - INFO - werkzeug - Thread-1 :  * Detected change in 'C:\\Users\\John Arellano\\PycharmProjects\\msd_2025_j.arellano\\Module07_Assignment\\Data_Collection_Exercise\\backendservice-main-src\\app.py', reloading
2025-06-06 01:48:14,601 - INFO - werkzeug - Thread-1 :  * Detected change in 'C:\\Users\\John Arellano\\PycharmProjects\\msd_2025_j.arellano\\Module07_Assignment\\Data_Collection_Exercise\\backendservice-main-src\\app.py', reloading
2025-06-06 01:48:15,431 - INFO - werkzeug - MainThread :  * Restarting with watchdog (windowsapi)
2025-06-06 01:48:16,517 - INFO - __main__ - MainThread : Attempting to load environment from: C:\Users\John Arellano\PycharmProjects\msd_2025_j.arellano\Module07_Assignment\Data_Collection_Exercise\backendservice-main-src\dev_env.json
2025-06-06 01:48:16,517 - INFO - __main__ - MainThread : Environment variables loaded: {'database_url': 'pq.fhnw.ch', 'database_port': '5432', 'database_username': 'dbusername_dev', 'database_password': 'dbpassword_dev', 'log_level': 'debug'}
2025-06-06 01:48:16,518 - INFO - __main__ - MainThread : Log level set to: DEBUG
2025-06-06 01:48:16,522 - INFO - __main__ - MainThread : Starting Data Collection Service...
2025-06-06 01:48:16,522 - INFO - datastructure - MainThread : Creating new DataStorage instance.
2025-06-06 01:48:16,522 - DEBUG - datastructure - MainThread : DataStorage __init__ called.
2025-06-06 01:48:16,522 - INFO - datastructure - MainThread : Attempting to load data from JSON files...
2025-06-06 01:48:16,523 - DEBUG - datastructure - MainThread : Patient initialized/updated: {'name': 'Billy Blaze', 'id': 'bf9eb35c-41ce-11f0-b73e-9b1ea4d95ba0', 'blood_pressure': '120/80', 'heart_rate': 70, 'age': 42}
2025-06-06 01:48:16,523 - DEBUG - datastructure - MainThread : Patient initialized/updated: {'name': 'John Doe', 'id': '444fa9b9-4206-11f0-9b93-9b1ea4d95ba0', 'age': 30}
2025-06-06 01:48:16,523 - DEBUG - datastructure - MainThread : Patient initialized/updated: {'name': 'Jane Doe', 'id': 'ea12c68f-4206-11f0-80ce-9b1ea4d95ba0', 'age': 25}
2025-06-06 01:48:16,523 - INFO - datastructure - MainThread : 3 patients loaded.
2025-06-06 01:48:16,523 - INFO - datastructure - MainThread : 0 experiments loaded.
2025-06-06 01:48:16,525 - ERROR - datastructure - MainThread : Error loading or parsing data.json: 'list' object has no attribute 'items'
Traceback (most recent call last):
  File "C:\Users\John Arellano\PycharmProjects\msd_2025_j.arellano\Module07_Assignment\Data_Collection_Exercise\backendservice-main-src\datastructure.py", line 352, in load_data
    for dp_id, dp_details in dp_data_dict.items():
                             ^^^^^^^^^^^^^^^^^^
AttributeError: 'list' object has no attribute 'items'
2025-06-06 01:48:16,525 - INFO - __main__ - MainThread : Initial data loaded from files (if any existed).
2025-06-06 01:48:16,525 - INFO - __main__ - MainThread : Service will run on host 0.0.0.0, port 5000
2025-06-06 01:48:16,536 - WARNING - werkzeug - MainThread :  * Debugger is active!
2025-06-06 01:48:16,540 - INFO - werkzeug - MainThread :  * Debugger PIN: 104-987-032
2025-06-06 01:49:12,706 - INFO - werkzeug - Thread-1 :  * Detected change in 'C:\\Users\\John Arellano\\PycharmProjects\\msd_2025_j.arellano\\Module07_Assignment\\Data_Collection_Exercise\\backendservice-main-src\\datastructure.py', reloading
2025-06-06 01:49:12,707 - INFO - werkzeug - Thread-1 :  * Detected change in 'C:\\Users\\John Arellano\\PycharmProjects\\msd_2025_j.arellano\\Module07_Assignment\\Data_Collection_Exercise\\backendservice-main-src\\datastructure.py', reloading
2025-06-06 01:49:12,707 - INFO - werkzeug - Thread-1 :  * Detected change in 'C:\\Users\\John Arellano\\PycharmProjects\\msd_2025_j.arellano\\Module07_Assignment\\Data_Collection_Exercise\\backendservice-main-src\\datastructure.py', reloading
2025-06-06 01:49:12,708 - INFO - werkzeug - Thread-1 :  * Detected change in 'C:\\Users\\John Arellano\\PycharmProjects\\msd_2025_j.arellano\\Module07_Assignment\\Data_Collection_Exercise\\backendservice-main-src\\datastructure.py', reloading
2025-06-06 01:49:13,033 - INFO - werkzeug - MainThread :  * Restarting with watchdog (windowsapi)
2025-06-06 01:49:13,967 - INFO - __main__ - MainThread : Attempting to load environment from: C:\Users\John Arellano\PycharmProjects\msd_2025_j.arellano\Module07_Assignment\Data_Collection_Exercise\backendservice-main-src\dev_env.json
2025-06-06 01:49:13,968 - INFO - __main__ - MainThread : Environment variables loaded: {'database_url': 'pq.fhnw.ch', 'database_port': '5432', 'database_username': 'dbusername_dev', 'database_password': 'dbpassword_dev', 'log_level': 'debug'}
2025-06-06 01:49:13,968 - INFO - __main__ - MainThread : Log level set to: DEBUG
2025-06-06 01:49:13,973 - INFO - __main__ - MainThread : Starting Data Collection Service...
2025-06-06 01:49:13,973 - INFO - datastructure - MainThread : Creating new DataStorage instance.
2025-06-06 01:49:13,973 - DEBUG - datastructure - MainThread : DataStorage __init__ called.
2025-06-06 01:49:13,973 - INFO - datastructure - MainThread : Attempting to load data from JSON files...
2025-06-06 01:49:13,973 - DEBUG - datastructure - MainThread : Patient initialized/updated: {'name': 'Billy Blaze', 'id': 'bf9eb35c-41ce-11f0-b73e-9b1ea4d95ba0', 'blood_pressure': '120/80', 'heart_rate': 70, 'age': 42}
2025-06-06 01:49:13,973 - DEBUG - datastructure - MainThread : Patient initialized/updated: {'name': 'John Doe', 'id': '444fa9b9-4206-11f0-9b93-9b1ea4d95ba0', 'age': 30}
2025-06-06 01:49:13,973 - DEBUG - datastructure - MainThread : Patient initialized/updated: {'name': 'Jane Doe', 'id': 'ea12c68f-4206-11f0-80ce-9b1ea4d95ba0', 'age': 25}
2025-06-06 01:49:13,973 - INFO - datastructure - MainThread : 3 patients loaded.
2025-06-06 01:49:13,974 - INFO - datastructure - MainThread : 0 experiments loaded.
2025-06-06 01:49:13,974 - ERROR - datastructure - MainThread : Error loading or parsing data.json: 'list' object has no attribute 'items'
Traceback (most recent call last):
  File "C:\Users\John Arellano\PycharmProjects\msd_2025_j.arellano\Module07_Assignment\Data_Collection_Exercise\backendservice-main-src\datastructure.py", line 354, in load_data
    for dp_id, dp_details in dp_data_dict.items():
                             ^^^^^^^^^^^^^^^^^^
AttributeError: 'list' object has no attribute 'items'
2025-06-06 01:49:13,975 - INFO - __main__ - MainThread : Initial data loaded from files (if any existed).
2025-06-06 01:49:13,975 - INFO - __main__ - MainThread : Service will run on host 0.0.0.0, port 5000
2025-06-06 01:49:13,985 - WARNING - werkzeug - MainThread :  * Debugger is active!
2025-06-06 01:49:13,989 - INFO - werkzeug - MainThread :  * Debugger PIN: 104-987-032
2025-06-06 01:49:58,983 - INFO - werkzeug - Thread-1 :  * Detected change in 'C:\\Users\\John Arellano\\PycharmProjects\\msd_2025_j.arellano\\Module07_Assignment\\Data_Collection_Exercise\\backendservice-main-src\\datastructure.py', reloading
2025-06-06 01:49:58,984 - INFO - werkzeug - Thread-1 :  * Detected change in 'C:\\Users\\John Arellano\\PycharmProjects\\msd_2025_j.arellano\\Module07_Assignment\\Data_Collection_Exercise\\backendservice-main-src\\datastructure.py', reloading
2025-06-06 01:49:58,984 - INFO - werkzeug - Thread-1 :  * Detected change in 'C:\\Users\\John Arellano\\PycharmProjects\\msd_2025_j.arellano\\Module07_Assignment\\Data_Collection_Exercise\\backendservice-main-src\\datastructure.py', reloading
2025-06-06 01:49:59,305 - INFO - werkzeug - MainThread :  * Restarting with watchdog (windowsapi)
2025-06-06 01:50:00,267 - INFO - __main__ - MainThread : Attempting to load environment from: C:\Users\John Arellano\PycharmProjects\msd_2025_j.arellano\Module07_Assignment\Data_Collection_Exercise\backendservice-main-src\dev_env.json
2025-06-06 01:50:00,267 - INFO - __main__ - MainThread : Environment variables loaded: {'database_url': 'pq.fhnw.ch', 'database_port': '5432', 'database_username': 'dbusername_dev', 'database_password': 'dbpassword_dev', 'log_level': 'debug'}
2025-06-06 01:50:00,267 - INFO - __main__ - MainThread : Log level set to: DEBUG
2025-06-06 01:50:00,272 - INFO - __main__ - MainThread : Starting Data Collection Service...
2025-06-06 01:50:00,272 - INFO - datastructure - MainThread : Creating new DataStorage instance.
2025-06-06 01:50:00,273 - DEBUG - datastructure - MainThread : DataStorage __init__ called.
2025-06-06 01:50:00,273 - INFO - datastructure - MainThread : Attempting to load data from JSON files...
2025-06-06 01:50:00,273 - DEBUG - datastructure - MainThread : Patient initialized/updated: {'name': 'Billy Blaze', 'id': 'bf9eb35c-41ce-11f0-b73e-9b1ea4d95ba0', 'blood_pressure': '120/80', 'heart_rate': 70, 'age': 42}
2025-06-06 01:50:00,273 - DEBUG - datastructure - MainThread : Patient initialized/updated: {'name': 'John Doe', 'id': '444fa9b9-4206-11f0-9b93-9b1ea4d95ba0', 'age': 30}
2025-06-06 01:50:00,273 - DEBUG - datastructure - MainThread : Patient initialized/updated: {'name': 'Jane Doe', 'id': 'ea12c68f-4206-11f0-80ce-9b1ea4d95ba0', 'age': 25}
2025-06-06 01:50:00,273 - INFO - datastructure - MainThread : 3 patients loaded.
2025-06-06 01:50:00,273 - INFO - datastructure - MainThread : 0 experiments loaded.
2025-06-06 01:50:00,274 - ERROR - datastructure - MainThread : Error loading or parsing data.json: 'list' object has no attribute 'items'
Traceback (most recent call last):
  File "C:\Users\John Arellano\PycharmProjects\msd_2025_j.arellano\Module07_Assignment\Data_Collection_Exercise\backendservice-main-src\datastructure.py", line 357, in load_data
    for dp_id, dp_details in dp_data_dict.items():
                             ^^^^^^^^^^^^^^^^^^
AttributeError: 'list' object has no attribute 'items'
2025-06-06 01:50:00,274 - INFO - __main__ - MainThread : Initial data loaded from files (if any existed).
2025-06-06 01:50:00,274 - INFO - __main__ - MainThread : Service will run on host 0.0.0.0, port 5000
2025-06-06 01:50:00,284 - WARNING - werkzeug - MainThread :  * Debugger is active!
2025-06-06 01:50:00,288 - INFO - werkzeug - MainThread :  * Debugger PIN: 104-987-032
2025-06-06 01:50:37,025 - INFO - werkzeug - Thread-1 :  * Detected change in 'C:\\Users\\John Arellano\\PycharmProjects\\msd_2025_j.arellano\\Module07_Assignment\\Data_Collection_Exercise\\backendservice-main-src\\datastructure.py', reloading
2025-06-06 01:50:37,025 - INFO - werkzeug - Thread-1 :  * Detected change in 'C:\\Users\\John Arellano\\PycharmProjects\\msd_2025_j.arellano\\Module07_Assignment\\Data_Collection_Exercise\\backendservice-main-src\\datastructure.py', reloading
2025-06-06 01:50:37,026 - INFO - werkzeug - Thread-1 :  * Detected change in 'C:\\Users\\John Arellano\\PycharmProjects\\msd_2025_j.arellano\\Module07_Assignment\\Data_Collection_Exercise\\backendservice-main-src\\datastructure.py', reloading
2025-06-06 01:50:37,418 - INFO - werkzeug - MainThread :  * Restarting with watchdog (windowsapi)
2025-06-06 01:50:38,301 - INFO - __main__ - MainThread : Attempting to load environment from: C:\Users\John Arellano\PycharmProjects\msd_2025_j.arellano\Module07_Assignment\Data_Collection_Exercise\backendservice-main-src\dev_env.json
2025-06-06 01:50:38,301 - INFO - __main__ - MainThread : Environment variables loaded: {'database_url': 'pq.fhnw.ch', 'database_port': '5432', 'database_username': 'dbusername_dev', 'database_password': 'dbpassword_dev', 'log_level': 'debug'}
2025-06-06 01:50:38,301 - INFO - __main__ - MainThread : Log level set to: DEBUG
2025-06-06 01:50:38,306 - INFO - __main__ - MainThread : Starting Data Collection Service...
2025-06-06 01:50:38,307 - INFO - datastructure - MainThread : Creating new DataStorage instance.
2025-06-06 01:50:38,307 - DEBUG - datastructure - MainThread : DataStorage __init__ called.
2025-06-06 01:50:38,307 - INFO - datastructure - MainThread : Attempting to load data from JSON files...
2025-06-06 01:50:38,307 - DEBUG - datastructure - MainThread : Patient initialized/updated: {'name': 'Billy Blaze', 'id': 'bf9eb35c-41ce-11f0-b73e-9b1ea4d95ba0', 'blood_pressure': '120/80', 'heart_rate': 70, 'age': 42}
2025-06-06 01:50:38,307 - DEBUG - datastructure - MainThread : Patient initialized/updated: {'name': 'John Doe', 'id': '444fa9b9-4206-11f0-9b93-9b1ea4d95ba0', 'age': 30}
2025-06-06 01:50:38,307 - DEBUG - datastructure - MainThread : Patient initialized/updated: {'name': 'Jane Doe', 'id': 'ea12c68f-4206-11f0-80ce-9b1ea4d95ba0', 'age': 25}
2025-06-06 01:50:38,307 - INFO - datastructure - MainThread : 3 patients loaded.
2025-06-06 01:50:38,307 - INFO - datastructure - MainThread : 0 experiments loaded.
2025-06-06 01:50:38,308 - ERROR - datastructure - MainThread : Error loading or parsing data.json: 'list' object has no attribute 'items'
Traceback (most recent call last):
  File "C:\Users\John Arellano\PycharmProjects\msd_2025_j.arellano\Module07_Assignment\Data_Collection_Exercise\backendservice-main-src\datastructure.py", line 360, in load_data
    for dp_id, dp_details in dp_data_dict.items():
                             ^^^^^^^^^^^^^^^^^^
AttributeError: 'list' object has no attribute 'items'
2025-06-06 01:50:38,308 - INFO - __main__ - MainThread : Initial data loaded from files (if any existed).
2025-06-06 01:50:38,308 - INFO - __main__ - MainThread : Service will run on host 0.0.0.0, port 5000
2025-06-06 01:50:38,318 - WARNING - werkzeug - MainThread :  * Debugger is active!
2025-06-06 01:50:38,322 - INFO - werkzeug - MainThread :  * Debugger PIN: 104-987-032
2025-06-06 01:51:12,072 - INFO - werkzeug - Thread-1 :  * Detected change in 'C:\\Users\\John Arellano\\PycharmProjects\\msd_2025_j.arellano\\Module07_Assignment\\Data_Collection_Exercise\\backendservice-main-src\\datastructure.py', reloading
2025-06-06 01:51:12,072 - INFO - werkzeug - Thread-1 :  * Detected change in 'C:\\Users\\John Arellano\\PycharmProjects\\msd_2025_j.arellano\\Module07_Assignment\\Data_Collection_Exercise\\backendservice-main-src\\datastructure.py', reloading
2025-06-06 01:51:12,073 - INFO - werkzeug - Thread-1 :  * Detected change in 'C:\\Users\\John Arellano\\PycharmProjects\\msd_2025_j.arellano\\Module07_Assignment\\Data_Collection_Exercise\\backendservice-main-src\\datastructure.py', reloading
2025-06-06 01:51:12,339 - INFO - werkzeug - MainThread :  * Restarting with watchdog (windowsapi)
2025-06-06 01:51:13,191 - INFO - __main__ - MainThread : Attempting to load environment from: C:\Users\John Arellano\PycharmProjects\msd_2025_j.arellano\Module07_Assignment\Data_Collection_Exercise\backendservice-main-src\dev_env.json
2025-06-06 01:51:13,191 - INFO - __main__ - MainThread : Environment variables loaded: {'database_url': 'pq.fhnw.ch', 'database_port': '5432', 'database_username': 'dbusername_dev', 'database_password': 'dbpassword_dev', 'log_level': 'debug'}
2025-06-06 01:51:13,191 - INFO - __main__ - MainThread : Log level set to: DEBUG
2025-06-06 01:51:13,195 - INFO - __main__ - MainThread : Starting Data Collection Service...
2025-06-06 01:51:13,195 - INFO - datastructure - MainThread : Creating new DataStorage instance.
2025-06-06 01:51:13,195 - DEBUG - datastructure - MainThread : DataStorage __init__ called.
2025-06-06 01:51:13,195 - INFO - datastructure - MainThread : Attempting to load data from JSON files...
2025-06-06 01:51:13,195 - DEBUG - datastructure - MainThread : Patient initialized/updated: {'name': 'Billy Blaze', 'id': 'bf9eb35c-41ce-11f0-b73e-9b1ea4d95ba0', 'blood_pressure': '120/80', 'heart_rate': 70, 'age': 42}
2025-06-06 01:51:13,195 - DEBUG - datastructure - MainThread : Patient initialized/updated: {'name': 'John Doe', 'id': '444fa9b9-4206-11f0-9b93-9b1ea4d95ba0', 'age': 30}
2025-06-06 01:51:13,195 - DEBUG - datastructure - MainThread : Patient initialized/updated: {'name': 'Jane Doe', 'id': 'ea12c68f-4206-11f0-80ce-9b1ea4d95ba0', 'age': 25}
2025-06-06 01:51:13,195 - INFO - datastructure - MainThread : 3 patients loaded.
2025-06-06 01:51:13,196 - INFO - datastructure - MainThread : 0 experiments loaded.
2025-06-06 01:51:13,196 - ERROR - datastructure - MainThread : Error loading or parsing data.json: 'list' object has no attribute 'items'
Traceback (most recent call last):
  File "C:\Users\John Arellano\PycharmProjects\msd_2025_j.arellano\Module07_Assignment\Data_Collection_Exercise\backendservice-main-src\datastructure.py", line 363, in load_data
    for dp_id, dp_details in dp_data_dict.items():
                             ^^^^^^^^^^^^^^^^^^
AttributeError: 'list' object has no attribute 'items'
2025-06-06 01:51:13,197 - INFO - __main__ - MainThread : Initial data loaded from files (if any existed).
2025-06-06 01:51:13,197 - INFO - __main__ - MainThread : Service will run on host 0.0.0.0, port 5000
2025-06-06 01:51:13,207 - WARNING - werkzeug - MainThread :  * Debugger is active!
2025-06-06 01:51:13,211 - INFO - werkzeug - MainThread :  * Debugger PIN: 104-987-032
2025-06-06 01:52:27,542 - INFO - werkzeug - Thread-1 :  * Detected change in 'C:\\Users\\John Arellano\\PycharmProjects\\msd_2025_j.arellano\\Module07_Assignment\\Data_Collection_Exercise\\backendservice-main-src\\datastructure.py', reloading
2025-06-06 01:52:27,543 - INFO - werkzeug - Thread-1 :  * Detected change in 'C:\\Users\\John Arellano\\PycharmProjects\\msd_2025_j.arellano\\Module07_Assignment\\Data_Collection_Exercise\\backendservice-main-src\\datastructure.py', reloading
2025-06-06 01:52:27,543 - INFO - werkzeug - Thread-1 :  * Detected change in 'C:\\Users\\John Arellano\\PycharmProjects\\msd_2025_j.arellano\\Module07_Assignment\\Data_Collection_Exercise\\backendservice-main-src\\datastructure.py', reloading
2025-06-06 01:52:27,543 - INFO - werkzeug - Thread-1 :  * Detected change in 'C:\\Users\\John Arellano\\PycharmProjects\\msd_2025_j.arellano\\Module07_Assignment\\Data_Collection_Exercise\\backendservice-main-src\\datastructure.py', reloading
2025-06-06 01:52:28,340 - INFO - werkzeug - MainThread :  * Restarting with watchdog (windowsapi)
2025-06-06 01:52:29,153 - INFO - __main__ - MainThread : Attempting to load environment from: C:\Users\John Arellano\PycharmProjects\msd_2025_j.arellano\Module07_Assignment\Data_Collection_Exercise\backendservice-main-src\dev_env.json
2025-06-06 01:52:29,153 - INFO - __main__ - MainThread : Environment variables loaded: {'database_url': 'pq.fhnw.ch', 'database_port': '5432', 'database_username': 'dbusername_dev', 'database_password': 'dbpassword_dev', 'log_level': 'debug'}
2025-06-06 01:52:29,153 - INFO - __main__ - MainThread : Log level set to: DEBUG
2025-06-06 01:52:29,157 - INFO - __main__ - MainThread : Starting Data Collection Service...
2025-06-06 01:52:29,157 - INFO - datastructure - MainThread : Creating new DataStorage instance.
2025-06-06 01:52:29,157 - DEBUG - datastructure - MainThread : DataStorage __init__ called.
2025-06-06 01:52:29,157 - INFO - datastructure - MainThread : Attempting to load data from JSON files...
2025-06-06 01:52:29,158 - DEBUG - datastructure - MainThread : Patient initialized/updated: {'name': 'Billy Blaze', 'id': 'bf9eb35c-41ce-11f0-b73e-9b1ea4d95ba0', 'blood_pressure': '120/80', 'heart_rate': 70, 'age': 42}
2025-06-06 01:52:29,158 - DEBUG - datastructure - MainThread : Patient initialized/updated: {'name': 'John Doe', 'id': '444fa9b9-4206-11f0-9b93-9b1ea4d95ba0', 'age': 30}
2025-06-06 01:52:29,158 - DEBUG - datastructure - MainThread : Patient initialized/updated: {'name': 'Jane Doe', 'id': 'ea12c68f-4206-11f0-80ce-9b1ea4d95ba0', 'age': 25}
2025-06-06 01:52:29,158 - INFO - datastructure - MainThread : 3 patients loaded.
2025-06-06 01:52:29,158 - INFO - datastructure - MainThread : 0 experiments loaded.
2025-06-06 01:52:29,159 - ERROR - datastructure - MainThread : Error loading or parsing data.json: 'list' object has no attribute 'items'
Traceback (most recent call last):
  File "C:\Users\John Arellano\PycharmProjects\msd_2025_j.arellano\Module07_Assignment\Data_Collection_Exercise\backendservice-main-src\datastructure.py", line 366, in load_data
    for dp_id, dp_details in dp_data_dict.items():
                             ^^^^^^^^^^^^^^^^^^
AttributeError: 'list' object has no attribute 'items'
2025-06-06 01:52:29,159 - INFO - __main__ - MainThread : Initial data loaded from files (if any existed).
2025-06-06 01:52:29,159 - INFO - __main__ - MainThread : Service will run on host 0.0.0.0, port 5000
2025-06-06 01:52:29,169 - WARNING - werkzeug - MainThread :  * Debugger is active!
2025-06-06 01:52:29,174 - INFO - werkzeug - MainThread :  * Debugger PIN: 104-987-032
2025-06-06 01:53:03,582 - INFO - werkzeug - Thread-1 :  * Detected change in 'C:\\Users\\John Arellano\\PycharmProjects\\msd_2025_j.arellano\\Module07_Assignment\\Data_Collection_Exercise\\backendservice-main-src\\datastructure.py', reloading
2025-06-06 01:53:03,583 - INFO - werkzeug - Thread-1 :  * Detected change in 'C:\\Users\\John Arellano\\PycharmProjects\\msd_2025_j.arellano\\Module07_Assignment\\Data_Collection_Exercise\\backendservice-main-src\\datastructure.py', reloading
2025-06-06 01:53:03,583 - INFO - werkzeug - Thread-1 :  * Detected change in 'C:\\Users\\John Arellano\\PycharmProjects\\msd_2025_j.arellano\\Module07_Assignment\\Data_Collection_Exercise\\backendservice-main-src\\datastructure.py', reloading
2025-06-06 01:53:04,277 - INFO - werkzeug - MainThread :  * Restarting with watchdog (windowsapi)
2025-06-06 01:53:05,170 - INFO - __main__ - MainThread : Attempting to load environment from: C:\Users\John Arellano\PycharmProjects\msd_2025_j.arellano\Module07_Assignment\Data_Collection_Exercise\backendservice-main-src\dev_env.json
2025-06-06 01:53:05,170 - INFO - __main__ - MainThread : Environment variables loaded: {'database_url': 'pq.fhnw.ch', 'database_port': '5432', 'database_username': 'dbusername_dev', 'database_password': 'dbpassword_dev', 'log_level': 'debug'}
2025-06-06 01:53:05,170 - INFO - __main__ - MainThread : Log level set to: DEBUG
2025-06-06 01:53:05,176 - INFO - __main__ - MainThread : Starting Data Collection Service...
2025-06-06 01:53:05,176 - INFO - datastructure - MainThread : Creating new DataStorage instance.
2025-06-06 01:53:05,176 - DEBUG - datastructure - MainThread : DataStorage __init__ called.
2025-06-06 01:53:05,176 - INFO - datastructure - MainThread : Attempting to load data from JSON files...
2025-06-06 01:53:05,177 - DEBUG - datastructure - MainThread : Patient initialized/updated: {'name': 'Billy Blaze', 'id': 'bf9eb35c-41ce-11f0-b73e-9b1ea4d95ba0', 'blood_pressure': '120/80', 'heart_rate': 70, 'age': 42}
2025-06-06 01:53:05,177 - DEBUG - datastructure - MainThread : Patient initialized/updated: {'name': 'John Doe', 'id': '444fa9b9-4206-11f0-9b93-9b1ea4d95ba0', 'age': 30}
2025-06-06 01:53:05,177 - DEBUG - datastructure - MainThread : Patient initialized/updated: {'name': 'Jane Doe', 'id': 'ea12c68f-4206-11f0-80ce-9b1ea4d95ba0', 'age': 25}
2025-06-06 01:53:05,177 - INFO - datastructure - MainThread : 3 patients loaded.
2025-06-06 01:53:05,177 - INFO - datastructure - MainThread : 0 experiments loaded.
2025-06-06 01:53:05,177 - ERROR - datastructure - MainThread : Error loading or parsing data.json: 'list' object has no attribute 'items'
Traceback (most recent call last):
  File "C:\Users\John Arellano\PycharmProjects\msd_2025_j.arellano\Module07_Assignment\Data_Collection_Exercise\backendservice-main-src\datastructure.py", line 369, in load_data
    for dp_id, dp_details in dp_data_dict.items():
                             ^^^^^^^^^^^^^^^^^^
AttributeError: 'list' object has no attribute 'items'
2025-06-06 01:53:05,179 - INFO - __main__ - MainThread : Initial data loaded from files (if any existed).
2025-06-06 01:53:05,179 - INFO - __main__ - MainThread : Service will run on host 0.0.0.0, port 5000
2025-06-06 01:53:05,190 - WARNING - werkzeug - MainThread :  * Debugger is active!
2025-06-06 01:53:05,195 - INFO - werkzeug - MainThread :  * Debugger PIN: 104-987-032
2025-06-06 01:53:57,424 - INFO - werkzeug - Thread-1 :  * Detected change in 'C:\\Users\\John Arellano\\PycharmProjects\\msd_2025_j.arellano\\Module07_Assignment\\Data_Collection_Exercise\\backendservice-main-src\\datastructure.py', reloading
2025-06-06 01:53:57,424 - INFO - werkzeug - Thread-1 :  * Detected change in 'C:\\Users\\John Arellano\\PycharmProjects\\msd_2025_j.arellano\\Module07_Assignment\\Data_Collection_Exercise\\backendservice-main-src\\datastructure.py', reloading
2025-06-06 01:53:57,425 - INFO - werkzeug - Thread-1 :  * Detected change in 'C:\\Users\\John Arellano\\PycharmProjects\\msd_2025_j.arellano\\Module07_Assignment\\Data_Collection_Exercise\\backendservice-main-src\\datastructure.py', reloading
2025-06-06 01:53:57,580 - INFO - werkzeug - MainThread :  * Restarting with watchdog (windowsapi)
2025-06-06 01:53:58,478 - INFO - __main__ - MainThread : Attempting to load environment from: C:\Users\John Arellano\PycharmProjects\msd_2025_j.arellano\Module07_Assignment\Data_Collection_Exercise\backendservice-main-src\dev_env.json
2025-06-06 01:53:58,479 - INFO - __main__ - MainThread : Environment variables loaded: {'database_url': 'pq.fhnw.ch', 'database_port': '5432', 'database_username': 'dbusername_dev', 'database_password': 'dbpassword_dev', 'log_level': 'debug'}
2025-06-06 01:53:58,479 - INFO - __main__ - MainThread : Log level set to: DEBUG
2025-06-06 01:53:58,483 - INFO - __main__ - MainThread : Starting Data Collection Service...
2025-06-06 01:53:58,483 - INFO - datastructure - MainThread : Creating new DataStorage instance.
2025-06-06 01:53:58,483 - DEBUG - datastructure - MainThread : DataStorage __init__ called.
2025-06-06 01:53:58,483 - INFO - datastructure - MainThread : Attempting to load data from JSON files...
2025-06-06 01:53:58,483 - DEBUG - datastructure - MainThread : Patient initialized/updated: {'name': 'Billy Blaze', 'id': 'bf9eb35c-41ce-11f0-b73e-9b1ea4d95ba0', 'blood_pressure': '120/80', 'heart_rate': 70, 'age': 42}
2025-06-06 01:53:58,483 - DEBUG - datastructure - MainThread : Patient initialized/updated: {'name': 'John Doe', 'id': '444fa9b9-4206-11f0-9b93-9b1ea4d95ba0', 'age': 30}
2025-06-06 01:53:58,483 - DEBUG - datastructure - MainThread : Patient initialized/updated: {'name': 'Jane Doe', 'id': 'ea12c68f-4206-11f0-80ce-9b1ea4d95ba0', 'age': 25}
2025-06-06 01:53:58,483 - INFO - datastructure - MainThread : 3 patients loaded.
2025-06-06 01:53:58,484 - INFO - datastructure - MainThread : 0 experiments loaded.
2025-06-06 01:53:58,484 - ERROR - datastructure - MainThread : Error loading or parsing data.json: 'list' object has no attribute 'items'
Traceback (most recent call last):
  File "C:\Users\John Arellano\PycharmProjects\msd_2025_j.arellano\Module07_Assignment\Data_Collection_Exercise\backendservice-main-src\datastructure.py", line 372, in load_data
    for dp_id, dp_details in dp_data_dict.items():
                             ^^^^^^^^^^^^^^^^^^
AttributeError: 'list' object has no attribute 'items'
2025-06-06 01:53:58,485 - INFO - __main__ - MainThread : Initial data loaded from files (if any existed).
2025-06-06 01:53:58,485 - INFO - __main__ - MainThread : Service will run on host 0.0.0.0, port 5000
2025-06-06 01:53:58,493 - WARNING - werkzeug - MainThread :  * Debugger is active!
2025-06-06 01:53:58,498 - INFO - werkzeug - MainThread :  * Debugger PIN: 104-987-032
2025-06-06 01:54:32,162 - INFO - werkzeug - Thread-1 :  * Detected change in 'C:\\Users\\John Arellano\\PycharmProjects\\msd_2025_j.arellano\\Module07_Assignment\\Data_Collection_Exercise\\backendservice-main-src\\datastructure.py', reloading
2025-06-06 01:54:32,163 - INFO - werkzeug - Thread-1 :  * Detected change in 'C:\\Users\\John Arellano\\PycharmProjects\\msd_2025_j.arellano\\Module07_Assignment\\Data_Collection_Exercise\\backendservice-main-src\\datastructure.py', reloading
2025-06-06 01:54:32,163 - INFO - werkzeug - Thread-1 :  * Detected change in 'C:\\Users\\John Arellano\\PycharmProjects\\msd_2025_j.arellano\\Module07_Assignment\\Data_Collection_Exercise\\backendservice-main-src\\datastructure.py', reloading
2025-06-06 01:54:32,164 - INFO - werkzeug - Thread-1 :  * Detected change in 'C:\\Users\\John Arellano\\PycharmProjects\\msd_2025_j.arellano\\Module07_Assignment\\Data_Collection_Exercise\\backendservice-main-src\\datastructure.py', reloading
2025-06-06 01:54:32,602 - INFO - werkzeug - MainThread :  * Restarting with watchdog (windowsapi)
2025-06-06 01:54:33,516 - INFO - __main__ - MainThread : Attempting to load environment from: C:\Users\John Arellano\PycharmProjects\msd_2025_j.arellano\Module07_Assignment\Data_Collection_Exercise\backendservice-main-src\dev_env.json
2025-06-06 01:54:33,516 - INFO - __main__ - MainThread : Environment variables loaded: {'database_url': 'pq.fhnw.ch', 'database_port': '5432', 'database_username': 'dbusername_dev', 'database_password': 'dbpassword_dev', 'log_level': 'debug'}
2025-06-06 01:54:33,516 - INFO - __main__ - MainThread : Log level set to: DEBUG
2025-06-06 01:54:33,520 - INFO - __main__ - MainThread : Starting Data Collection Service...
2025-06-06 01:54:33,520 - INFO - datastructure - MainThread : Creating new DataStorage instance.
2025-06-06 01:54:33,520 - DEBUG - datastructure - MainThread : DataStorage __init__ called.
2025-06-06 01:54:33,520 - INFO - datastructure - MainThread : Attempting to load data from JSON files...
2025-06-06 01:54:33,521 - DEBUG - datastructure - MainThread : Patient initialized/updated: {'name': 'Billy Blaze', 'id': 'bf9eb35c-41ce-11f0-b73e-9b1ea4d95ba0', 'blood_pressure': '120/80', 'heart_rate': 70, 'age': 42}
2025-06-06 01:54:33,521 - DEBUG - datastructure - MainThread : Patient initialized/updated: {'name': 'John Doe', 'id': '444fa9b9-4206-11f0-9b93-9b1ea4d95ba0', 'age': 30}
2025-06-06 01:54:33,521 - DEBUG - datastructure - MainThread : Patient initialized/updated: {'name': 'Jane Doe', 'id': 'ea12c68f-4206-11f0-80ce-9b1ea4d95ba0', 'age': 25}
2025-06-06 01:54:33,521 - INFO - datastructure - MainThread : 3 patients loaded.
2025-06-06 01:54:33,521 - INFO - datastructure - MainThread : 0 experiments loaded.
2025-06-06 01:54:33,522 - ERROR - datastructure - MainThread : Error loading or parsing data.json: 'list' object has no attribute 'items'
Traceback (most recent call last):
  File "C:\Users\John Arellano\PycharmProjects\msd_2025_j.arellano\Module07_Assignment\Data_Collection_Exercise\backendservice-main-src\datastructure.py", line 377, in load_data
    for dp_id, dp_details in dp_data_dict.items():
                             ^^^^^^^^^^^^^^^^^^
AttributeError: 'list' object has no attribute 'items'
2025-06-06 01:54:33,523 - INFO - __main__ - MainThread : Initial data loaded from files (if any existed).
2025-06-06 01:54:33,523 - INFO - __main__ - MainThread : Service will run on host 0.0.0.0, port 5000
2025-06-06 01:54:33,533 - WARNING - werkzeug - MainThread :  * Debugger is active!
2025-06-06 01:54:33,537 - INFO - werkzeug - MainThread :  * Debugger PIN: 104-987-032
2025-06-06 01:55:03,810 - INFO - werkzeug - Thread-1 :  * Detected change in 'C:\\Users\\John Arellano\\PycharmProjects\\msd_2025_j.arellano\\Module07_Assignment\\Data_Collection_Exercise\\backendservice-main-src\\datastructure.py', reloading
2025-06-06 01:55:03,811 - INFO - werkzeug - Thread-1 :  * Detected change in 'C:\\Users\\John Arellano\\PycharmProjects\\msd_2025_j.arellano\\Module07_Assignment\\Data_Collection_Exercise\\backendservice-main-src\\datastructure.py', reloading
2025-06-06 01:55:03,812 - INFO - werkzeug - Thread-1 :  * Detected change in 'C:\\Users\\John Arellano\\PycharmProjects\\msd_2025_j.arellano\\Module07_Assignment\\Data_Collection_Exercise\\backendservice-main-src\\datastructure.py', reloading
2025-06-06 01:55:03,812 - INFO - werkzeug - Thread-1 :  * Detected change in 'C:\\Users\\John Arellano\\PycharmProjects\\msd_2025_j.arellano\\Module07_Assignment\\Data_Collection_Exercise\\backendservice-main-src\\datastructure.py', reloading
2025-06-06 01:55:04,510 - INFO - werkzeug - MainThread :  * Restarting with watchdog (windowsapi)
2025-06-06 01:55:05,507 - INFO - __main__ - MainThread : Attempting to load environment from: C:\Users\John Arellano\PycharmProjects\msd_2025_j.arellano\Module07_Assignment\Data_Collection_Exercise\backendservice-main-src\dev_env.json
2025-06-06 01:55:05,507 - INFO - __main__ - MainThread : Environment variables loaded: {'database_url': 'pq.fhnw.ch', 'database_port': '5432', 'database_username': 'dbusername_dev', 'database_password': 'dbpassword_dev', 'log_level': 'debug'}
2025-06-06 01:55:05,507 - INFO - __main__ - MainThread : Log level set to: DEBUG
2025-06-06 01:55:05,512 - INFO - __main__ - MainThread : Starting Data Collection Service...
2025-06-06 01:55:05,512 - INFO - datastructure - MainThread : Creating new DataStorage instance.
2025-06-06 01:55:05,512 - DEBUG - datastructure - MainThread : DataStorage __init__ called.
2025-06-06 01:55:05,512 - INFO - datastructure - MainThread : Attempting to load data from JSON files...
2025-06-06 01:55:05,513 - DEBUG - datastructure - MainThread : Patient initialized/updated: {'name': 'Billy Blaze', 'id': 'bf9eb35c-41ce-11f0-b73e-9b1ea4d95ba0', 'blood_pressure': '120/80', 'heart_rate': 70, 'age': 42}
2025-06-06 01:55:05,513 - DEBUG - datastructure - MainThread : Patient initialized/updated: {'name': 'John Doe', 'id': '444fa9b9-4206-11f0-9b93-9b1ea4d95ba0', 'age': 30}
2025-06-06 01:55:05,513 - DEBUG - datastructure - MainThread : Patient initialized/updated: {'name': 'Jane Doe', 'id': 'ea12c68f-4206-11f0-80ce-9b1ea4d95ba0', 'age': 25}
2025-06-06 01:55:05,513 - INFO - datastructure - MainThread : 3 patients loaded.
2025-06-06 01:55:05,513 - INFO - datastructure - MainThread : 0 experiments loaded.
2025-06-06 01:55:05,513 - ERROR - datastructure - MainThread : Error loading or parsing data.json: 'list' object has no attribute 'items'
Traceback (most recent call last):
  File "C:\Users\John Arellano\PycharmProjects\msd_2025_j.arellano\Module07_Assignment\Data_Collection_Exercise\backendservice-main-src\datastructure.py", line 380, in load_data
    for dp_id, dp_details in dp_data_dict.items():
                             ^^^^^^^^^^^^^^^^^^
AttributeError: 'list' object has no attribute 'items'
2025-06-06 01:55:05,514 - INFO - __main__ - MainThread : Initial data loaded from files (if any existed).
2025-06-06 01:55:05,514 - INFO - __main__ - MainThread : Service will run on host 0.0.0.0, port 5000
2025-06-06 01:55:05,525 - WARNING - werkzeug - MainThread :  * Debugger is active!
2025-06-06 01:55:05,529 - INFO - werkzeug - MainThread :  * Debugger PIN: 104-987-032
2025-06-06 01:56:40,831 - INFO - werkzeug - Thread-1 :  * Detected change in 'C:\\Users\\John Arellano\\PycharmProjects\\msd_2025_j.arellano\\Module07_Assignment\\Data_Collection_Exercise\\backendservice-main-src\\datastructure.py', reloading
2025-06-06 01:56:40,832 - INFO - werkzeug - Thread-1 :  * Detected change in 'C:\\Users\\John Arellano\\PycharmProjects\\msd_2025_j.arellano\\Module07_Assignment\\Data_Collection_Exercise\\backendservice-main-src\\datastructure.py', reloading
2025-06-06 01:56:40,832 - INFO - werkzeug - Thread-1 :  * Detected change in 'C:\\Users\\John Arellano\\PycharmProjects\\msd_2025_j.arellano\\Module07_Assignment\\Data_Collection_Exercise\\backendservice-main-src\\datastructure.py', reloading
2025-06-06 01:56:40,833 - INFO - werkzeug - Thread-1 :  * Detected change in 'C:\\Users\\John Arellano\\PycharmProjects\\msd_2025_j.arellano\\Module07_Assignment\\Data_Collection_Exercise\\backendservice-main-src\\datastructure.py', reloading
2025-06-06 01:56:41,990 - INFO - werkzeug - MainThread :  * Restarting with watchdog (windowsapi)
2025-06-06 01:56:42,775 - INFO - __main__ - MainThread : Attempting to load environment from: C:\Users\John Arellano\PycharmProjects\msd_2025_j.arellano\Module07_Assignment\Data_Collection_Exercise\backendservice-main-src\dev_env.json
2025-06-06 01:56:42,775 - INFO - __main__ - MainThread : Environment variables loaded: {'database_url': 'pq.fhnw.ch', 'database_port': '5432', 'database_username': 'dbusername_dev', 'database_password': 'dbpassword_dev', 'log_level': 'debug'}
2025-06-06 01:56:42,776 - INFO - __main__ - MainThread : Log level set to: DEBUG
2025-06-06 01:56:42,780 - INFO - __main__ - MainThread : Starting Data Collection Service...
2025-06-06 01:56:42,780 - INFO - datastructure - MainThread : Creating new DataStorage instance.
2025-06-06 01:56:42,780 - DEBUG - datastructure - MainThread : DataStorage __init__ called.
2025-06-06 01:56:42,781 - INFO - datastructure - MainThread : Attempting to load data from JSON files...
2025-06-06 01:56:42,781 - DEBUG - datastructure - MainThread : Patient initialized/updated: {'name': 'Billy Blaze', 'id': 'bf9eb35c-41ce-11f0-b73e-9b1ea4d95ba0', 'blood_pressure': '120/80', 'heart_rate': 70, 'age': 42}
2025-06-06 01:56:42,781 - DEBUG - datastructure - MainThread : Patient initialized/updated: {'name': 'John Doe', 'id': '444fa9b9-4206-11f0-9b93-9b1ea4d95ba0', 'age': 30}
2025-06-06 01:56:42,781 - DEBUG - datastructure - MainThread : Patient initialized/updated: {'name': 'Jane Doe', 'id': 'ea12c68f-4206-11f0-80ce-9b1ea4d95ba0', 'age': 25}
2025-06-06 01:56:42,781 - INFO - datastructure - MainThread : 3 patients loaded.
2025-06-06 01:56:42,781 - INFO - datastructure - MainThread : 0 experiments loaded.
2025-06-06 01:56:42,781 - ERROR - datastructure - MainThread : Error loading or parsing data.json: 'list' object has no attribute 'items'
Traceback (most recent call last):
  File "C:\Users\John Arellano\PycharmProjects\msd_2025_j.arellano\Module07_Assignment\Data_Collection_Exercise\backendservice-main-src\datastructure.py", line 383, in load_data
    for dp_id, dp_details in dp_data_dict.items():
                             ^^^^^^^^^^^^^^^^^^
AttributeError: 'list' object has no attribute 'items'
2025-06-06 01:56:42,782 - INFO - __main__ - MainThread : Initial data loaded from files (if any existed).
2025-06-06 01:56:42,782 - INFO - __main__ - MainThread : Service will run on host 0.0.0.0, port 5000
2025-06-06 01:56:42,793 - WARNING - werkzeug - MainThread :  * Debugger is active!
2025-06-06 01:56:42,796 - INFO - werkzeug - MainThread :  * Debugger PIN: 104-987-032
2025-06-06 01:56:56,052 - INFO - werkzeug - Thread-1 :  * Detected change in 'C:\\Users\\John Arellano\\PycharmProjects\\msd_2025_j.arellano\\Module07_Assignment\\Data_Collection_Exercise\\backendservice-main-src\\datastructure.py', reloading
2025-06-06 01:56:56,053 - INFO - werkzeug - Thread-1 :  * Detected change in 'C:\\Users\\John Arellano\\PycharmProjects\\msd_2025_j.arellano\\Module07_Assignment\\Data_Collection_Exercise\\backendservice-main-src\\datastructure.py', reloading
2025-06-06 01:56:56,053 - INFO - werkzeug - Thread-1 :  * Detected change in 'C:\\Users\\John Arellano\\PycharmProjects\\msd_2025_j.arellano\\Module07_Assignment\\Data_Collection_Exercise\\backendservice-main-src\\datastructure.py', reloading
2025-06-06 01:56:56,054 - INFO - werkzeug - Thread-1 :  * Detected change in 'C:\\Users\\John Arellano\\PycharmProjects\\msd_2025_j.arellano\\Module07_Assignment\\Data_Collection_Exercise\\backendservice-main-src\\datastructure.py', reloading
2025-06-06 01:56:56,290 - INFO - werkzeug - MainThread :  * Restarting with watchdog (windowsapi)
2025-06-06 01:56:57,205 - INFO - __main__ - MainThread : Attempting to load environment from: C:\Users\John Arellano\PycharmProjects\msd_2025_j.arellano\Module07_Assignment\Data_Collection_Exercise\backendservice-main-src\dev_env.json
2025-06-06 01:56:57,205 - INFO - __main__ - MainThread : Environment variables loaded: {'database_url': 'pq.fhnw.ch', 'database_port': '5432', 'database_username': 'dbusername_dev', 'database_password': 'dbpassword_dev', 'log_level': 'debug'}
2025-06-06 01:56:57,206 - INFO - __main__ - MainThread : Log level set to: DEBUG
2025-06-06 01:56:57,211 - INFO - __main__ - MainThread : Starting Data Collection Service...
2025-06-06 01:56:57,211 - INFO - datastructure - MainThread : Creating new DataStorage instance.
2025-06-06 01:56:57,211 - DEBUG - datastructure - MainThread : DataStorage __init__ called.
2025-06-06 01:56:57,211 - INFO - datastructure - MainThread : Attempting to load data from JSON files...
2025-06-06 01:56:57,211 - DEBUG - datastructure - MainThread : Patient initialized/updated: {'name': 'Billy Blaze', 'id': 'bf9eb35c-41ce-11f0-b73e-9b1ea4d95ba0', 'blood_pressure': '120/80', 'heart_rate': 70, 'age': 42}
2025-06-06 01:56:57,211 - DEBUG - datastructure - MainThread : Patient initialized/updated: {'name': 'John Doe', 'id': '444fa9b9-4206-11f0-9b93-9b1ea4d95ba0', 'age': 30}
2025-06-06 01:56:57,211 - DEBUG - datastructure - MainThread : Patient initialized/updated: {'name': 'Jane Doe', 'id': 'ea12c68f-4206-11f0-80ce-9b1ea4d95ba0', 'age': 25}
2025-06-06 01:56:57,211 - INFO - datastructure - MainThread : 3 patients loaded.
2025-06-06 01:56:57,212 - INFO - datastructure - MainThread : 0 experiments loaded.
2025-06-06 01:56:57,212 - ERROR - datastructure - MainThread : Error loading or parsing data.json: 'list' object has no attribute 'items'
Traceback (most recent call last):
  File "C:\Users\John Arellano\PycharmProjects\msd_2025_j.arellano\Module07_Assignment\Data_Collection_Exercise\backendservice-main-src\datastructure.py", line 386, in load_data
    for dp_id, dp_details in dp_data_dict.items():
                             ^^^^^^^^^^^^^^^^^^
AttributeError: 'list' object has no attribute 'items'
2025-06-06 01:56:57,213 - INFO - __main__ - MainThread : Initial data loaded from files (if any existed).
2025-06-06 01:56:57,213 - INFO - __main__ - MainThread : Service will run on host 0.0.0.0, port 5000
2025-06-06 01:56:57,224 - WARNING - werkzeug - MainThread :  * Debugger is active!
2025-06-06 01:56:57,228 - INFO - werkzeug - MainThread :  * Debugger PIN: 104-987-032
2025-06-06 01:57:21,776 - INFO - werkzeug - Thread-1 :  * Detected change in 'C:\\Users\\John Arellano\\PycharmProjects\\msd_2025_j.arellano\\Module07_Assignment\\Data_Collection_Exercise\\backendservice-main-src\\datastructure.py', reloading
2025-06-06 01:57:21,777 - INFO - werkzeug - Thread-1 :  * Detected change in 'C:\\Users\\John Arellano\\PycharmProjects\\msd_2025_j.arellano\\Module07_Assignment\\Data_Collection_Exercise\\backendservice-main-src\\datastructure.py', reloading
2025-06-06 01:57:21,777 - INFO - werkzeug - Thread-1 :  * Detected change in 'C:\\Users\\John Arellano\\PycharmProjects\\msd_2025_j.arellano\\Module07_Assignment\\Data_Collection_Exercise\\backendservice-main-src\\datastructure.py', reloading
2025-06-06 01:57:22,040 - INFO - werkzeug - MainThread :  * Restarting with watchdog (windowsapi)
2025-06-06 01:57:23,036 - INFO - __main__ - MainThread : Attempting to load environment from: C:\Users\John Arellano\PycharmProjects\msd_2025_j.arellano\Module07_Assignment\Data_Collection_Exercise\backendservice-main-src\dev_env.json
2025-06-06 01:57:23,037 - INFO - __main__ - MainThread : Environment variables loaded: {'database_url': 'pq.fhnw.ch', 'database_port': '5432', 'database_username': 'dbusername_dev', 'database_password': 'dbpassword_dev', 'log_level': 'debug'}
2025-06-06 01:57:23,037 - INFO - __main__ - MainThread : Log level set to: DEBUG
2025-06-06 01:57:23,042 - INFO - __main__ - MainThread : Starting Data Collection Service...
2025-06-06 01:57:23,042 - INFO - datastructure - MainThread : Creating new DataStorage instance.
2025-06-06 01:57:23,042 - DEBUG - datastructure - MainThread : DataStorage __init__ called.
2025-06-06 01:57:23,042 - INFO - datastructure - MainThread : Attempting to load data from JSON files...
2025-06-06 01:57:23,042 - DEBUG - datastructure - MainThread : Patient initialized/updated: {'name': 'Billy Blaze', 'id': 'bf9eb35c-41ce-11f0-b73e-9b1ea4d95ba0', 'blood_pressure': '120/80', 'heart_rate': 70, 'age': 42}
2025-06-06 01:57:23,042 - DEBUG - datastructure - MainThread : Patient initialized/updated: {'name': 'John Doe', 'id': '444fa9b9-4206-11f0-9b93-9b1ea4d95ba0', 'age': 30}
2025-06-06 01:57:23,043 - DEBUG - datastructure - MainThread : Patient initialized/updated: {'name': 'Jane Doe', 'id': 'ea12c68f-4206-11f0-80ce-9b1ea4d95ba0', 'age': 25}
2025-06-06 01:57:23,043 - INFO - datastructure - MainThread : 3 patients loaded.
2025-06-06 01:57:23,043 - INFO - datastructure - MainThread : 0 experiments loaded.
2025-06-06 01:57:23,043 - ERROR - datastructure - MainThread : Error loading or parsing data.json: 'list' object has no attribute 'items'
Traceback (most recent call last):
  File "C:\Users\John Arellano\PycharmProjects\msd_2025_j.arellano\Module07_Assignment\Data_Collection_Exercise\backendservice-main-src\datastructure.py", line 386, in load_data
    for dp_id, dp_details in dp_data_dict.items():
                             ^^^^^^^^^^^^^^^^^^
AttributeError: 'list' object has no attribute 'items'
2025-06-06 01:57:23,044 - INFO - __main__ - MainThread : Initial data loaded from files (if any existed).
2025-06-06 01:57:23,044 - INFO - __main__ - MainThread : Service will run on host 0.0.0.0, port 5000
2025-06-06 01:57:23,054 - WARNING - werkzeug - MainThread :  * Debugger is active!
2025-06-06 01:57:23,059 - INFO - werkzeug - MainThread :  * Debugger PIN: 104-987-032
2025-06-06 01:58:03,881 - INFO - werkzeug - Thread-1 :  * Detected change in 'C:\\Users\\John Arellano\\PycharmProjects\\msd_2025_j.arellano\\Module07_Assignment\\Data_Collection_Exercise\\backendservice-main-src\\datastructure.py', reloading
2025-06-06 01:58:03,882 - INFO - werkzeug - Thread-1 :  * Detected change in 'C:\\Users\\John Arellano\\PycharmProjects\\msd_2025_j.arellano\\Module07_Assignment\\Data_Collection_Exercise\\backendservice-main-src\\datastructure.py', reloading
2025-06-06 01:58:03,883 - INFO - werkzeug - Thread-1 :  * Detected change in 'C:\\Users\\John Arellano\\PycharmProjects\\msd_2025_j.arellano\\Module07_Assignment\\Data_Collection_Exercise\\backendservice-main-src\\datastructure.py', reloading
2025-06-06 01:58:04,270 - INFO - werkzeug - MainThread :  * Restarting with watchdog (windowsapi)
2025-06-06 01:58:05,169 - INFO - __main__ - MainThread : Attempting to load environment from: C:\Users\John Arellano\PycharmProjects\msd_2025_j.arellano\Module07_Assignment\Data_Collection_Exercise\backendservice-main-src\dev_env.json
2025-06-06 01:58:05,170 - INFO - __main__ - MainThread : Environment variables loaded: {'database_url': 'pq.fhnw.ch', 'database_port': '5432', 'database_username': 'dbusername_dev', 'database_password': 'dbpassword_dev', 'log_level': 'debug'}
2025-06-06 01:58:05,170 - INFO - __main__ - MainThread : Log level set to: DEBUG
2025-06-06 01:58:05,174 - INFO - __main__ - MainThread : Starting Data Collection Service...
2025-06-06 01:58:05,174 - INFO - datastructure - MainThread : Creating new DataStorage instance.
2025-06-06 01:58:05,174 - DEBUG - datastructure - MainThread : DataStorage __init__ called.
2025-06-06 01:58:05,174 - INFO - datastructure - MainThread : Attempting to load data from JSON files...
2025-06-06 01:58:05,174 - DEBUG - datastructure - MainThread : Patient initialized/updated: {'name': 'Billy Blaze', 'id': 'bf9eb35c-41ce-11f0-b73e-9b1ea4d95ba0', 'blood_pressure': '120/80', 'heart_rate': 70, 'age': 42}
2025-06-06 01:58:05,174 - DEBUG - datastructure - MainThread : Patient initialized/updated: {'name': 'John Doe', 'id': '444fa9b9-4206-11f0-9b93-9b1ea4d95ba0', 'age': 30}
2025-06-06 01:58:05,174 - DEBUG - datastructure - MainThread : Patient initialized/updated: {'name': 'Jane Doe', 'id': 'ea12c68f-4206-11f0-80ce-9b1ea4d95ba0', 'age': 25}
2025-06-06 01:58:05,174 - INFO - datastructure - MainThread : 3 patients loaded.
2025-06-06 01:58:05,175 - INFO - datastructure - MainThread : 0 experiments loaded.
2025-06-06 01:58:05,175 - ERROR - datastructure - MainThread : Error loading or parsing data.json: 'list' object has no attribute 'items'
Traceback (most recent call last):
  File "C:\Users\John Arellano\PycharmProjects\msd_2025_j.arellano\Module07_Assignment\Data_Collection_Exercise\backendservice-main-src\datastructure.py", line 386, in load_data
    for dp_id, dp_details in dp_data_dict.items():
                             ^^^^^^^^^^^^^^^^^^
AttributeError: 'list' object has no attribute 'items'
2025-06-06 01:58:05,176 - INFO - __main__ - MainThread : Initial data loaded from files (if any existed).
2025-06-06 01:58:05,176 - INFO - __main__ - MainThread : Service will run on host 0.0.0.0, port 5000
2025-06-06 01:58:05,186 - WARNING - werkzeug - MainThread :  * Debugger is active!
2025-06-06 01:58:05,192 - INFO - werkzeug - MainThread :  * Debugger PIN: 104-987-032
2025-06-06 01:58:25,011 - INFO - werkzeug - Thread-1 :  * Detected change in 'C:\\Program Files\\Python312\\Lib\\asyncio\\__init__.py', reloading
2025-06-06 01:58:25,928 - INFO - werkzeug - MainThread :  * Restarting with watchdog (windowsapi)
2025-06-06 01:58:26,693 - INFO - __main__ - MainThread : Attempting to load environment from: C:\Users\John Arellano\PycharmProjects\msd_2025_j.arellano\Module07_Assignment\Data_Collection_Exercise\backendservice-main-src\dev_env.json
2025-06-06 01:58:26,694 - INFO - __main__ - MainThread : Environment variables loaded: {'database_url': 'pq.fhnw.ch', 'database_port': '5432', 'database_username': 'dbusername_dev', 'database_password': 'dbpassword_dev', 'log_level': 'debug'}
2025-06-06 01:58:26,694 - INFO - __main__ - MainThread : Log level set to: DEBUG
2025-06-06 01:58:26,698 - INFO - __main__ - MainThread : Starting Data Collection Service...
2025-06-06 01:58:26,698 - INFO - datastructure - MainThread : Creating new DataStorage instance.
2025-06-06 01:58:26,698 - DEBUG - datastructure - MainThread : DataStorage __init__ called.
2025-06-06 01:58:26,698 - INFO - datastructure - MainThread : Attempting to load data from JSON files...
2025-06-06 01:58:26,698 - DEBUG - datastructure - MainThread : Patient initialized/updated: {'name': 'Billy Blaze', 'id': 'bf9eb35c-41ce-11f0-b73e-9b1ea4d95ba0', 'blood_pressure': '120/80', 'heart_rate': 70, 'age': 42}
2025-06-06 01:58:26,698 - DEBUG - datastructure - MainThread : Patient initialized/updated: {'name': 'John Doe', 'id': '444fa9b9-4206-11f0-9b93-9b1ea4d95ba0', 'age': 30}
2025-06-06 01:58:26,699 - DEBUG - datastructure - MainThread : Patient initialized/updated: {'name': 'Jane Doe', 'id': 'ea12c68f-4206-11f0-80ce-9b1ea4d95ba0', 'age': 25}
2025-06-06 01:58:26,699 - INFO - datastructure - MainThread : 3 patients loaded.
2025-06-06 01:58:26,699 - INFO - datastructure - MainThread : 0 experiments loaded.
2025-06-06 01:58:26,699 - ERROR - datastructure - MainThread : Error loading or parsing data.json: 'list' object has no attribute 'items'
Traceback (most recent call last):
  File "C:\Users\John Arellano\PycharmProjects\msd_2025_j.arellano\Module07_Assignment\Data_Collection_Exercise\backendservice-main-src\datastructure.py", line 386, in load_data
    for dp_id, dp_details in dp_data_dict.items():
                             ^^^^^^^^^^^^^^^^^^
AttributeError: 'list' object has no attribute 'items'
2025-06-06 01:58:26,700 - INFO - __main__ - MainThread : Initial data loaded from files (if any existed).
2025-06-06 01:58:26,700 - INFO - __main__ - MainThread : Service will run on host 0.0.0.0, port 5000
2025-06-06 01:58:26,710 - WARNING - werkzeug - MainThread :  * Debugger is active!
2025-06-06 01:58:26,713 - INFO - werkzeug - MainThread :  * Debugger PIN: 104-987-032
2025-06-06 01:59:42,594 - INFO - werkzeug - Thread-1 :  * Detected change in 'C:\\Users\\John Arellano\\PycharmProjects\\msd_2025_j.arellano\\Module07_Assignment\\Data_Collection_Exercise\\backendservice-main-src\\datastructure.py', reloading
2025-06-06 01:59:42,594 - INFO - werkzeug - Thread-1 :  * Detected change in 'C:\\Users\\John Arellano\\PycharmProjects\\msd_2025_j.arellano\\Module07_Assignment\\Data_Collection_Exercise\\backendservice-main-src\\datastructure.py', reloading
2025-06-06 01:59:42,594 - INFO - werkzeug - Thread-1 :  * Detected change in 'C:\\Users\\John Arellano\\PycharmProjects\\msd_2025_j.arellano\\Module07_Assignment\\Data_Collection_Exercise\\backendservice-main-src\\datastructure.py', reloading
2025-06-06 01:59:42,595 - INFO - werkzeug - Thread-1 :  * Detected change in 'C:\\Users\\John Arellano\\PycharmProjects\\msd_2025_j.arellano\\Module07_Assignment\\Data_Collection_Exercise\\backendservice-main-src\\datastructure.py', reloading
2025-06-06 01:59:43,577 - INFO - werkzeug - MainThread :  * Restarting with watchdog (windowsapi)
2025-06-06 01:59:44,517 - INFO - __main__ - MainThread : Attempting to load environment from: C:\Users\John Arellano\PycharmProjects\msd_2025_j.arellano\Module07_Assignment\Data_Collection_Exercise\backendservice-main-src\dev_env.json
2025-06-06 01:59:44,517 - INFO - __main__ - MainThread : Environment variables loaded: {'database_url': 'pq.fhnw.ch', 'database_port': '5432', 'database_username': 'dbusername_dev', 'database_password': 'dbpassword_dev', 'log_level': 'debug'}
2025-06-06 01:59:44,517 - INFO - __main__ - MainThread : Log level set to: DEBUG
2025-06-06 01:59:44,521 - INFO - __main__ - MainThread : Starting Data Collection Service...
2025-06-06 01:59:44,521 - INFO - datastructure - MainThread : Creating new DataStorage instance.
2025-06-06 01:59:44,521 - DEBUG - datastructure - MainThread : DataStorage __init__ called.
2025-06-06 01:59:44,521 - INFO - datastructure - MainThread : Attempting to load data from JSON files...
2025-06-06 01:59:44,522 - DEBUG - datastructure - MainThread : Patient initialized/updated: {'name': 'Billy Blaze', 'id': 'bf9eb35c-41ce-11f0-b73e-9b1ea4d95ba0', 'blood_pressure': '120/80', 'heart_rate': 70, 'age': 42}
2025-06-06 01:59:44,522 - DEBUG - datastructure - MainThread : Patient initialized/updated: {'name': 'John Doe', 'id': '444fa9b9-4206-11f0-9b93-9b1ea4d95ba0', 'age': 30}
2025-06-06 01:59:44,522 - DEBUG - datastructure - MainThread : Patient initialized/updated: {'name': 'Jane Doe', 'id': 'ea12c68f-4206-11f0-80ce-9b1ea4d95ba0', 'age': 25}
2025-06-06 01:59:44,522 - INFO - datastructure - MainThread : 3 patients loaded.
2025-06-06 01:59:44,522 - INFO - datastructure - MainThread : 0 experiments loaded.
2025-06-06 01:59:44,522 - ERROR - datastructure - MainThread : Error loading or parsing data.json: 'list' object has no attribute 'items'
Traceback (most recent call last):
  File "C:\Users\John Arellano\PycharmProjects\msd_2025_j.arellano\Module07_Assignment\Data_Collection_Exercise\backendservice-main-src\datastructure.py", line 386, in load_data
    for dp_id, dp_details in dp_data_dict.items():
                             ^^^^^^^^^^^^^^^^^^
AttributeError: 'list' object has no attribute 'items'
2025-06-06 01:59:44,523 - INFO - __main__ - MainThread : Initial data loaded from files (if any existed).
2025-06-06 01:59:44,523 - INFO - __main__ - MainThread : Service will run on host 0.0.0.0, port 5000
2025-06-06 01:59:44,535 - WARNING - werkzeug - MainThread :  * Debugger is active!
2025-06-06 01:59:44,539 - INFO - werkzeug - MainThread :  * Debugger PIN: 104-987-032
2025-06-06 02:00:15,161 - INFO - werkzeug - Thread-1 :  * Detected change in 'C:\\Users\\John Arellano\\PycharmProjects\\msd_2025_j.arellano\\Module07_Assignment\\Data_Collection_Exercise\\backendservice-main-src\\datastructure_test.py', reloading
2025-06-06 02:00:15,162 - INFO - werkzeug - Thread-1 :  * Detected change in 'C:\\Users\\John Arellano\\PycharmProjects\\msd_2025_j.arellano\\Module07_Assignment\\Data_Collection_Exercise\\backendservice-main-src\\datastructure_test.py', reloading
2025-06-06 02:00:15,162 - INFO - werkzeug - Thread-1 :  * Detected change in 'C:\\Users\\John Arellano\\PycharmProjects\\msd_2025_j.arellano\\Module07_Assignment\\Data_Collection_Exercise\\backendservice-main-src\\datastructure_test.py', reloading
2025-06-06 02:00:15,511 - INFO - werkzeug - MainThread :  * Restarting with watchdog (windowsapi)
2025-06-06 02:00:16,375 - INFO - __main__ - MainThread : Attempting to load environment from: C:\Users\John Arellano\PycharmProjects\msd_2025_j.arellano\Module07_Assignment\Data_Collection_Exercise\backendservice-main-src\dev_env.json
2025-06-06 02:00:16,375 - INFO - __main__ - MainThread : Environment variables loaded: {'database_url': 'pq.fhnw.ch', 'database_port': '5432', 'database_username': 'dbusername_dev', 'database_password': 'dbpassword_dev', 'log_level': 'debug'}
2025-06-06 02:00:16,375 - INFO - __main__ - MainThread : Log level set to: DEBUG
2025-06-06 02:00:16,380 - INFO - __main__ - MainThread : Starting Data Collection Service...
2025-06-06 02:00:16,380 - INFO - datastructure - MainThread : Creating new DataStorage instance.
2025-06-06 02:00:16,380 - DEBUG - datastructure - MainThread : DataStorage __init__ called.
2025-06-06 02:00:16,380 - INFO - datastructure - MainThread : Attempting to load data from JSON files...
2025-06-06 02:00:16,380 - DEBUG - datastructure - MainThread : Patient initialized/updated: {'name': 'Billy Blaze', 'id': 'bf9eb35c-41ce-11f0-b73e-9b1ea4d95ba0', 'blood_pressure': '120/80', 'heart_rate': 70, 'age': 42}
2025-06-06 02:00:16,380 - DEBUG - datastructure - MainThread : Patient initialized/updated: {'name': 'John Doe', 'id': '444fa9b9-4206-11f0-9b93-9b1ea4d95ba0', 'age': 30}
2025-06-06 02:00:16,380 - DEBUG - datastructure - MainThread : Patient initialized/updated: {'name': 'Jane Doe', 'id': 'ea12c68f-4206-11f0-80ce-9b1ea4d95ba0', 'age': 25}
2025-06-06 02:00:16,380 - INFO - datastructure - MainThread : 3 patients loaded.
2025-06-06 02:00:16,380 - INFO - datastructure - MainThread : 0 experiments loaded.
2025-06-06 02:00:16,381 - ERROR - datastructure - MainThread : Error loading or parsing data.json: 'list' object has no attribute 'items'
Traceback (most recent call last):
  File "C:\Users\John Arellano\PycharmProjects\msd_2025_j.arellano\Module07_Assignment\Data_Collection_Exercise\backendservice-main-src\datastructure.py", line 386, in load_data
    for dp_id, dp_details in dp_data_dict.items():
                             ^^^^^^^^^^^^^^^^^^
AttributeError: 'list' object has no attribute 'items'
2025-06-06 02:00:16,382 - INFO - __main__ - MainThread : Initial data loaded from files (if any existed).
2025-06-06 02:00:16,382 - INFO - __main__ - MainThread : Service will run on host 0.0.0.0, port 5000
2025-06-06 02:00:16,391 - WARNING - werkzeug - MainThread :  * Debugger is active!
2025-06-06 02:00:16,395 - INFO - werkzeug - MainThread :  * Debugger PIN: 104-987-032
2025-06-06 02:00:51,237 - INFO - werkzeug - Thread-1 :  * Detected change in 'C:\\Users\\John Arellano\\PycharmProjects\\msd_2025_j.arellano\\Module07_Assignment\\Data_Collection_Exercise\\backendservice-main-src\\datastructure_test.py', reloading
2025-06-06 02:00:51,237 - INFO - werkzeug - Thread-1 :  * Detected change in 'C:\\Users\\John Arellano\\PycharmProjects\\msd_2025_j.arellano\\Module07_Assignment\\Data_Collection_Exercise\\backendservice-main-src\\datastructure_test.py', reloading
2025-06-06 02:00:51,239 - INFO - werkzeug - Thread-1 :  * Detected change in 'C:\\Users\\John Arellano\\PycharmProjects\\msd_2025_j.arellano\\Module07_Assignment\\Data_Collection_Exercise\\backendservice-main-src\\datastructure_test.py', reloading
2025-06-06 02:00:51,239 - INFO - werkzeug - Thread-1 :  * Detected change in 'C:\\Users\\John Arellano\\PycharmProjects\\msd_2025_j.arellano\\Module07_Assignment\\Data_Collection_Exercise\\backendservice-main-src\\datastructure_test.py', reloading
2025-06-06 02:00:51,432 - INFO - werkzeug - MainThread :  * Restarting with watchdog (windowsapi)
2025-06-06 02:00:52,270 - INFO - __main__ - MainThread : Attempting to load environment from: C:\Users\John Arellano\PycharmProjects\msd_2025_j.arellano\Module07_Assignment\Data_Collection_Exercise\backendservice-main-src\dev_env.json
2025-06-06 02:00:52,270 - INFO - __main__ - MainThread : Environment variables loaded: {'database_url': 'pq.fhnw.ch', 'database_port': '5432', 'database_username': 'dbusername_dev', 'database_password': 'dbpassword_dev', 'log_level': 'debug'}
2025-06-06 02:00:52,270 - INFO - __main__ - MainThread : Log level set to: DEBUG
2025-06-06 02:00:52,274 - INFO - __main__ - MainThread : Starting Data Collection Service...
2025-06-06 02:00:52,275 - INFO - datastructure - MainThread : Creating new DataStorage instance.
2025-06-06 02:00:52,275 - DEBUG - datastructure - MainThread : DataStorage __init__ called.
2025-06-06 02:00:52,275 - INFO - datastructure - MainThread : Attempting to load data from JSON files...
2025-06-06 02:00:52,275 - DEBUG - datastructure - MainThread : Patient initialized/updated: {'name': 'Billy Blaze', 'id': 'bf9eb35c-41ce-11f0-b73e-9b1ea4d95ba0', 'blood_pressure': '120/80', 'heart_rate': 70, 'age': 42}
2025-06-06 02:00:52,275 - DEBUG - datastructure - MainThread : Patient initialized/updated: {'name': 'John Doe', 'id': '444fa9b9-4206-11f0-9b93-9b1ea4d95ba0', 'age': 30}
2025-06-06 02:00:52,275 - DEBUG - datastructure - MainThread : Patient initialized/updated: {'name': 'Jane Doe', 'id': 'ea12c68f-4206-11f0-80ce-9b1ea4d95ba0', 'age': 25}
2025-06-06 02:00:52,275 - INFO - datastructure - MainThread : 3 patients loaded.
2025-06-06 02:00:52,275 - INFO - datastructure - MainThread : 0 experiments loaded.
2025-06-06 02:00:52,276 - ERROR - datastructure - MainThread : Error loading or parsing data.json: 'list' object has no attribute 'items'
Traceback (most recent call last):
  File "C:\Users\John Arellano\PycharmProjects\msd_2025_j.arellano\Module07_Assignment\Data_Collection_Exercise\backendservice-main-src\datastructure.py", line 386, in load_data
    for dp_id, dp_details in dp_data_dict.items():
                             ^^^^^^^^^^^^^^^^^^
AttributeError: 'list' object has no attribute 'items'
2025-06-06 02:00:52,277 - INFO - __main__ - MainThread : Initial data loaded from files (if any existed).
2025-06-06 02:00:52,277 - INFO - __main__ - MainThread : Service will run on host 0.0.0.0, port 5000
2025-06-06 02:00:52,288 - WARNING - werkzeug - MainThread :  * Debugger is active!
2025-06-06 02:00:52,293 - INFO - werkzeug - MainThread :  * Debugger PIN: 104-987-032
2025-06-06 02:01:12,787 - INFO - werkzeug - Thread-1 :  * Detected change in 'C:\\Users\\John Arellano\\PycharmProjects\\msd_2025_j.arellano\\Module07_Assignment\\Data_Collection_Exercise\\backendservice-main-src\\memory.py', reloading
2025-06-06 02:01:12,787 - INFO - werkzeug - Thread-1 :  * Detected change in 'C:\\Users\\John Arellano\\PycharmProjects\\msd_2025_j.arellano\\Module07_Assignment\\Data_Collection_Exercise\\backendservice-main-src\\memory.py', reloading
2025-06-06 02:01:12,787 - INFO - werkzeug - Thread-1 :  * Detected change in 'C:\\Users\\John Arellano\\PycharmProjects\\msd_2025_j.arellano\\Module07_Assignment\\Data_Collection_Exercise\\backendservice-main-src\\memory.py', reloading
2025-06-06 02:01:12,789 - INFO - werkzeug - Thread-1 :  * Detected change in 'C:\\Users\\John Arellano\\PycharmProjects\\msd_2025_j.arellano\\Module07_Assignment\\Data_Collection_Exercise\\backendservice-main-src\\memory.py', reloading
2025-06-06 02:01:12,986 - INFO - werkzeug - MainThread :  * Restarting with watchdog (windowsapi)
2025-06-06 02:01:13,971 - INFO - __main__ - MainThread : Attempting to load environment from: C:\Users\John Arellano\PycharmProjects\msd_2025_j.arellano\Module07_Assignment\Data_Collection_Exercise\backendservice-main-src\dev_env.json
2025-06-06 02:01:13,971 - INFO - __main__ - MainThread : Environment variables loaded: {'database_url': 'pq.fhnw.ch', 'database_port': '5432', 'database_username': 'dbusername_dev', 'database_password': 'dbpassword_dev', 'log_level': 'debug'}
2025-06-06 02:01:13,971 - INFO - __main__ - MainThread : Log level set to: DEBUG
2025-06-06 02:01:13,976 - INFO - __main__ - MainThread : Starting Data Collection Service...
2025-06-06 02:01:13,976 - INFO - datastructure - MainThread : Creating new DataStorage instance.
2025-06-06 02:01:13,976 - DEBUG - datastructure - MainThread : DataStorage __init__ called.
2025-06-06 02:01:13,976 - INFO - datastructure - MainThread : Attempting to load data from JSON files...
2025-06-06 02:01:13,977 - DEBUG - datastructure - MainThread : Patient initialized/updated: {'name': 'Billy Blaze', 'id': 'bf9eb35c-41ce-11f0-b73e-9b1ea4d95ba0', 'blood_pressure': '120/80', 'heart_rate': 70, 'age': 42}
2025-06-06 02:01:13,977 - DEBUG - datastructure - MainThread : Patient initialized/updated: {'name': 'John Doe', 'id': '444fa9b9-4206-11f0-9b93-9b1ea4d95ba0', 'age': 30}
2025-06-06 02:01:13,977 - DEBUG - datastructure - MainThread : Patient initialized/updated: {'name': 'Jane Doe', 'id': 'ea12c68f-4206-11f0-80ce-9b1ea4d95ba0', 'age': 25}
2025-06-06 02:01:13,977 - INFO - datastructure - MainThread : 3 patients loaded.
2025-06-06 02:01:13,977 - INFO - datastructure - MainThread : 0 experiments loaded.
2025-06-06 02:01:13,977 - ERROR - datastructure - MainThread : Error loading or parsing data.json: 'list' object has no attribute 'items'
Traceback (most recent call last):
  File "C:\Users\John Arellano\PycharmProjects\msd_2025_j.arellano\Module07_Assignment\Data_Collection_Exercise\backendservice-main-src\datastructure.py", line 386, in load_data
    for dp_id, dp_details in dp_data_dict.items():
                             ^^^^^^^^^^^^^^^^^^
AttributeError: 'list' object has no attribute 'items'
2025-06-06 02:01:13,978 - INFO - __main__ - MainThread : Initial data loaded from files (if any existed).
2025-06-06 02:01:13,978 - INFO - __main__ - MainThread : Service will run on host 0.0.0.0, port 5000
2025-06-06 02:01:13,992 - WARNING - werkzeug - MainThread :  * Debugger is active!
2025-06-06 02:01:13,996 - INFO - werkzeug - MainThread :  * Debugger PIN: 104-987-032
2025-06-06 02:01:58,419 - INFO - werkzeug - Thread-1 :  * Detected change in 'C:\\Users\\John Arellano\\PycharmProjects\\msd_2025_j.arellano\\Module07_Assignment\\Data_Collection_Exercise\\backendservice-main-src\\memory.py', reloading
2025-06-06 02:01:58,419 - INFO - werkzeug - Thread-1 :  * Detected change in 'C:\\Users\\John Arellano\\PycharmProjects\\msd_2025_j.arellano\\Module07_Assignment\\Data_Collection_Exercise\\backendservice-main-src\\memory.py', reloading
2025-06-06 02:01:58,420 - INFO - werkzeug - Thread-1 :  * Detected change in 'C:\\Users\\John Arellano\\PycharmProjects\\msd_2025_j.arellano\\Module07_Assignment\\Data_Collection_Exercise\\backendservice-main-src\\memory.py', reloading
2025-06-06 02:01:59,204 - INFO - werkzeug - MainThread :  * Restarting with watchdog (windowsapi)
2025-06-06 02:02:00,581 - INFO - __main__ - MainThread : Attempting to load environment from: C:\Users\John Arellano\PycharmProjects\msd_2025_j.arellano\Module07_Assignment\Data_Collection_Exercise\backendservice-main-src\dev_env.json
2025-06-06 02:02:00,581 - INFO - __main__ - MainThread : Environment variables loaded: {'database_url': 'pq.fhnw.ch', 'database_port': '5432', 'database_username': 'dbusername_dev', 'database_password': 'dbpassword_dev', 'log_level': 'debug'}
2025-06-06 02:02:00,581 - INFO - __main__ - MainThread : Log level set to: DEBUG
2025-06-06 02:02:00,588 - INFO - __main__ - MainThread : Starting Data Collection Service...
2025-06-06 02:02:00,588 - INFO - datastructure - MainThread : Creating new DataStorage instance.
2025-06-06 02:02:00,588 - DEBUG - datastructure - MainThread : DataStorage __init__ called.
2025-06-06 02:02:00,588 - INFO - datastructure - MainThread : Attempting to load data from JSON files...
2025-06-06 02:02:00,588 - DEBUG - datastructure - MainThread : Patient initialized/updated: {'name': 'Billy Blaze', 'id': 'bf9eb35c-41ce-11f0-b73e-9b1ea4d95ba0', 'blood_pressure': '120/80', 'heart_rate': 70, 'age': 42}
2025-06-06 02:02:00,588 - DEBUG - datastructure - MainThread : Patient initialized/updated: {'name': 'John Doe', 'id': '444fa9b9-4206-11f0-9b93-9b1ea4d95ba0', 'age': 30}
2025-06-06 02:02:00,588 - DEBUG - datastructure - MainThread : Patient initialized/updated: {'name': 'Jane Doe', 'id': 'ea12c68f-4206-11f0-80ce-9b1ea4d95ba0', 'age': 25}
2025-06-06 02:02:00,588 - INFO - datastructure - MainThread : 3 patients loaded.
2025-06-06 02:02:00,588 - INFO - datastructure - MainThread : 0 experiments loaded.
2025-06-06 02:02:00,589 - ERROR - datastructure - MainThread : Error loading or parsing data.json: 'list' object has no attribute 'items'
Traceback (most recent call last):
  File "C:\Users\John Arellano\PycharmProjects\msd_2025_j.arellano\Module07_Assignment\Data_Collection_Exercise\backendservice-main-src\datastructure.py", line 386, in load_data
    for dp_id, dp_details in dp_data_dict.items():
                             ^^^^^^^^^^^^^^^^^^
AttributeError: 'list' object has no attribute 'items'
2025-06-06 02:02:00,590 - INFO - __main__ - MainThread : Initial data loaded from files (if any existed).
2025-06-06 02:02:00,590 - INFO - __main__ - MainThread : Service will run on host 0.0.0.0, port 5000
2025-06-06 02:02:00,604 - WARNING - werkzeug - MainThread :  * Debugger is active!
2025-06-06 02:02:00,610 - INFO - werkzeug - MainThread :  * Debugger PIN: 104-987-032
2025-06-06 02:02:13,134 - INFO - __main__ - MainThread : Data Collection Service stopped.
2025-06-06 02:02:13,232 - INFO - __main__ - MainThread : Data Collection Service stopped.
2025-06-06 02:02:14,406 - INFO - __main__ - MainThread : Attempting to load environment from: C:\Users\John Arellano\PycharmProjects\msd_2025_j.arellano\Module07_Assignment\Data_Collection_Exercise\backendservice-main-src\dev_env.json
2025-06-06 02:02:14,406 - INFO - __main__ - MainThread : Environment variables loaded: {'database_url': 'pq.fhnw.ch', 'database_port': '5432', 'database_username': 'dbusername_dev', 'database_password': 'dbpassword_dev', 'log_level': 'debug'}
2025-06-06 02:02:14,406 - INFO - __main__ - MainThread : Log level set to: DEBUG
2025-06-06 02:02:14,411 - INFO - __main__ - MainThread : Starting Data Collection Service...
2025-06-06 02:02:14,411 - INFO - datastructure - MainThread : Creating new DataStorage instance.
2025-06-06 02:02:14,411 - DEBUG - datastructure - MainThread : DataStorage __init__ called.
2025-06-06 02:02:14,411 - INFO - datastructure - MainThread : Attempting to load data from JSON files...
2025-06-06 02:02:14,411 - DEBUG - datastructure - MainThread : Patient initialized/updated: {'name': 'Billy Blaze', 'id': 'bf9eb35c-41ce-11f0-b73e-9b1ea4d95ba0', 'blood_pressure': '120/80', 'heart_rate': 70, 'age': 42}
2025-06-06 02:02:14,411 - DEBUG - datastructure - MainThread : Patient initialized/updated: {'name': 'John Doe', 'id': '444fa9b9-4206-11f0-9b93-9b1ea4d95ba0', 'age': 30}
2025-06-06 02:02:14,411 - DEBUG - datastructure - MainThread : Patient initialized/updated: {'name': 'Jane Doe', 'id': 'ea12c68f-4206-11f0-80ce-9b1ea4d95ba0', 'age': 25}
2025-06-06 02:02:14,411 - INFO - datastructure - MainThread : 3 patients loaded.
2025-06-06 02:02:14,411 - INFO - datastructure - MainThread : 0 experiments loaded.
2025-06-06 02:02:14,411 - ERROR - datastructure - MainThread : Error loading or parsing data.json: 'list' object has no attribute 'items'
Traceback (most recent call last):
  File "C:\Users\John Arellano\PycharmProjects\msd_2025_j.arellano\Module07_Assignment\Data_Collection_Exercise\backendservice-main-src\datastructure.py", line 386, in load_data
    for dp_id, dp_details in dp_data_dict.items():
                             ^^^^^^^^^^^^^^^^^^
AttributeError: 'list' object has no attribute 'items'
2025-06-06 02:02:14,412 - INFO - __main__ - MainThread : Initial data loaded from files (if any existed).
2025-06-06 02:02:14,412 - INFO - __main__ - MainThread : Service will run on host 0.0.0.0, port 5000
2025-06-06 02:02:14,448 - INFO - werkzeug - MainThread : [31m[1mWARNING: This is a development server. Do not use it in a production deployment. Use a production WSGI server instead.[0m
 * Running on all addresses (0.0.0.0)
 * Running on http://127.0.0.1:5000
 * Running on http://192.168.0.168:5000
2025-06-06 02:02:14,448 - INFO - werkzeug - MainThread : [33mPress CTRL+C to quit[0m
2025-06-06 02:02:14,456 - INFO - werkzeug - MainThread :  * Restarting with watchdog (windowsapi)
2025-06-06 02:02:15,219 - INFO - __main__ - MainThread : Attempting to load environment from: C:\Users\John Arellano\PycharmProjects\msd_2025_j.arellano\Module07_Assignment\Data_Collection_Exercise\backendservice-main-src\dev_env.json
2025-06-06 02:02:15,219 - INFO - __main__ - MainThread : Environment variables loaded: {'database_url': 'pq.fhnw.ch', 'database_port': '5432', 'database_username': 'dbusername_dev', 'database_password': 'dbpassword_dev', 'log_level': 'debug'}
2025-06-06 02:02:15,219 - INFO - __main__ - MainThread : Log level set to: DEBUG
2025-06-06 02:02:15,223 - INFO - __main__ - MainThread : Starting Data Collection Service...
2025-06-06 02:02:15,224 - INFO - datastructure - MainThread : Creating new DataStorage instance.
2025-06-06 02:02:15,224 - DEBUG - datastructure - MainThread : DataStorage __init__ called.
2025-06-06 02:02:15,224 - INFO - datastructure - MainThread : Attempting to load data from JSON files...
2025-06-06 02:02:15,224 - DEBUG - datastructure - MainThread : Patient initialized/updated: {'name': 'Billy Blaze', 'id': 'bf9eb35c-41ce-11f0-b73e-9b1ea4d95ba0', 'blood_pressure': '120/80', 'heart_rate': 70, 'age': 42}
2025-06-06 02:02:15,224 - DEBUG - datastructure - MainThread : Patient initialized/updated: {'name': 'John Doe', 'id': '444fa9b9-4206-11f0-9b93-9b1ea4d95ba0', 'age': 30}
2025-06-06 02:02:15,224 - DEBUG - datastructure - MainThread : Patient initialized/updated: {'name': 'Jane Doe', 'id': 'ea12c68f-4206-11f0-80ce-9b1ea4d95ba0', 'age': 25}
2025-06-06 02:02:15,224 - INFO - datastructure - MainThread : 3 patients loaded.
2025-06-06 02:02:15,224 - INFO - datastructure - MainThread : 0 experiments loaded.
2025-06-06 02:02:15,224 - ERROR - datastructure - MainThread : Error loading or parsing data.json: 'list' object has no attribute 'items'
Traceback (most recent call last):
  File "C:\Users\John Arellano\PycharmProjects\msd_2025_j.arellano\Module07_Assignment\Data_Collection_Exercise\backendservice-main-src\datastructure.py", line 386, in load_data
    for dp_id, dp_details in dp_data_dict.items():
                             ^^^^^^^^^^^^^^^^^^
AttributeError: 'list' object has no attribute 'items'
2025-06-06 02:02:15,225 - INFO - __main__ - MainThread : Initial data loaded from files (if any existed).
2025-06-06 02:02:15,225 - INFO - __main__ - MainThread : Service will run on host 0.0.0.0, port 5000
2025-06-06 02:02:15,235 - WARNING - werkzeug - MainThread :  * Debugger is active!
2025-06-06 02:02:15,240 - INFO - werkzeug - MainThread :  * Debugger PIN: 104-987-032
2025-06-06 02:13:44,180 - INFO - werkzeug - Thread-1 :  * Detected change in 'C:\\Users\\John Arellano\\PycharmProjects\\msd_2025_j.arellano\\Module07_Assignment\\Data_Collection_Exercise\\backendservice-main-src\\app.py', reloading
2025-06-06 02:13:44,181 - INFO - werkzeug - Thread-1 :  * Detected change in 'C:\\Users\\John Arellano\\PycharmProjects\\msd_2025_j.arellano\\Module07_Assignment\\Data_Collection_Exercise\\backendservice-main-src\\app.py', reloading
2025-06-06 02:13:44,181 - INFO - werkzeug - Thread-1 :  * Detected change in 'C:\\Users\\John Arellano\\PycharmProjects\\msd_2025_j.arellano\\Module07_Assignment\\Data_Collection_Exercise\\backendservice-main-src\\app.py', reloading
2025-06-06 02:13:45,212 - INFO - werkzeug - MainThread :  * Restarting with watchdog (windowsapi)
2025-06-06 02:13:45,970 - INFO - __main__ - MainThread : Attempting to load environment from: C:\Users\John Arellano\PycharmProjects\msd_2025_j.arellano\Module07_Assignment\Data_Collection_Exercise\backendservice-main-src\dev_env.json
2025-06-06 02:13:45,970 - INFO - __main__ - MainThread : Environment variables loaded: {'database_url': 'pq.fhnw.ch', 'database_port': '5432', 'database_username': 'dbusername_dev', 'database_password': 'dbpassword_dev', 'log_level': 'debug'}
2025-06-06 02:13:45,970 - INFO - __main__ - MainThread : Log level set to: DEBUG
2025-06-06 02:13:45,974 - INFO - __main__ - MainThread : Starting Data Collection Service...
2025-06-06 02:13:45,974 - INFO - datastructure - MainThread : Creating new DataStorage instance.
2025-06-06 02:13:45,974 - DEBUG - datastructure - MainThread : DataStorage __init__ called.
2025-06-06 02:13:45,974 - INFO - datastructure - MainThread : Attempting to load data from JSON files...
2025-06-06 02:13:45,975 - DEBUG - datastructure - MainThread : Patient initialized/updated: {'name': 'Billy Blaze', 'id': 'bf9eb35c-41ce-11f0-b73e-9b1ea4d95ba0', 'blood_pressure': '120/80', 'heart_rate': 70, 'age': 42}
2025-06-06 02:13:45,975 - DEBUG - datastructure - MainThread : Patient initialized/updated: {'name': 'John Doe', 'id': '444fa9b9-4206-11f0-9b93-9b1ea4d95ba0', 'age': 30}
2025-06-06 02:13:45,975 - DEBUG - datastructure - MainThread : Patient initialized/updated: {'name': 'Jane Doe', 'id': 'ea12c68f-4206-11f0-80ce-9b1ea4d95ba0', 'age': 25}
2025-06-06 02:13:45,975 - INFO - datastructure - MainThread : 3 patients loaded.
2025-06-06 02:13:45,975 - INFO - datastructure - MainThread : 0 experiments loaded.
2025-06-06 02:13:45,975 - ERROR - datastructure - MainThread : Error loading or parsing data.json: 'list' object has no attribute 'items'
Traceback (most recent call last):
  File "C:\Users\John Arellano\PycharmProjects\msd_2025_j.arellano\Module07_Assignment\Data_Collection_Exercise\backendservice-main-src\datastructure.py", line 386, in load_data
    for dp_id, dp_details in dp_data_dict.items():
                             ^^^^^^^^^^^^^^^^^^
AttributeError: 'list' object has no attribute 'items'
2025-06-06 02:13:45,976 - INFO - __main__ - MainThread : Initial data loaded from files (if any existed).
2025-06-06 02:13:45,976 - INFO - __main__ - MainThread : Service will run on host 0.0.0.0, port 5000
2025-06-06 02:13:45,986 - WARNING - werkzeug - MainThread :  * Debugger is active!
2025-06-06 02:13:45,990 - INFO - werkzeug - MainThread :  * Debugger PIN: 104-987-032
2025-06-06 02:15:04,763 - INFO - __main__ - MainThread : Data Collection Service stopped.
2025-06-06 02:15:04,882 - INFO - __main__ - MainThread : Data Collection Service stopped.
2025-06-06 02:15:06,447 - INFO - __main__ - MainThread : Attempting to load environment from: C:\Users\John Arellano\PycharmProjects\msd_2025_j.arellano\Module07_Assignment\Data_Collection_Exercise\backendservice-main-src\dev_env.json
2025-06-06 02:15:06,447 - INFO - __main__ - MainThread : Environment variables loaded: {'database_url': 'pq.fhnw.ch', 'database_port': '5432', 'database_username': 'dbusername_dev', 'database_password': 'dbpassword_dev', 'log_level': 'debug'}
2025-06-06 02:15:06,447 - INFO - __main__ - MainThread : Log level set to: DEBUG
2025-06-06 02:15:06,452 - INFO - __main__ - MainThread : Starting Data Collection Service...
2025-06-06 02:15:06,452 - INFO - datastructure - MainThread : Creating new DataStorage instance.
2025-06-06 02:15:06,452 - DEBUG - datastructure - MainThread : DataStorage __init__ called.
2025-06-06 02:15:06,452 - INFO - datastructure - MainThread : Attempting to load data from JSON files...
2025-06-06 02:15:06,452 - DEBUG - datastructure - MainThread : Patient initialized/updated: {'name': 'Billy Blaze', 'id': 'bf9eb35c-41ce-11f0-b73e-9b1ea4d95ba0', 'blood_pressure': '120/80', 'heart_rate': 70, 'age': 42}
2025-06-06 02:15:06,452 - DEBUG - datastructure - MainThread : Patient initialized/updated: {'name': 'John Doe', 'id': '444fa9b9-4206-11f0-9b93-9b1ea4d95ba0', 'age': 30}
2025-06-06 02:15:06,452 - DEBUG - datastructure - MainThread : Patient initialized/updated: {'name': 'Jane Doe', 'id': 'ea12c68f-4206-11f0-80ce-9b1ea4d95ba0', 'age': 25}
2025-06-06 02:15:06,452 - INFO - datastructure - MainThread : 3 patients loaded.
2025-06-06 02:15:06,453 - INFO - datastructure - MainThread : 0 experiments loaded.
2025-06-06 02:15:06,453 - ERROR - datastructure - MainThread : Error loading or parsing data.json: 'list' object has no attribute 'items'
Traceback (most recent call last):
  File "C:\Users\John Arellano\PycharmProjects\msd_2025_j.arellano\Module07_Assignment\Data_Collection_Exercise\backendservice-main-src\datastructure.py", line 386, in load_data
    for dp_id, dp_details in dp_data_dict.items():
                             ^^^^^^^^^^^^^^^^^^
AttributeError: 'list' object has no attribute 'items'
2025-06-06 02:15:06,454 - INFO - __main__ - MainThread : Initial data loaded from files (if any existed).
2025-06-06 02:15:06,454 - INFO - __main__ - MainThread : Service will run on host 0.0.0.0, port 5000
2025-06-06 02:15:06,514 - INFO - werkzeug - MainThread : [31m[1mWARNING: This is a development server. Do not use it in a production deployment. Use a production WSGI server instead.[0m
 * Running on all addresses (0.0.0.0)
 * Running on http://127.0.0.1:5000
 * Running on http://192.168.0.168:5000
2025-06-06 02:15:06,514 - INFO - werkzeug - MainThread : [33mPress CTRL+C to quit[0m
2025-06-06 02:15:06,523 - INFO - werkzeug - MainThread :  * Restarting with watchdog (windowsapi)
2025-06-06 02:15:07,346 - INFO - __main__ - MainThread : Attempting to load environment from: C:\Users\John Arellano\PycharmProjects\msd_2025_j.arellano\Module07_Assignment\Data_Collection_Exercise\backendservice-main-src\dev_env.json
2025-06-06 02:15:07,347 - INFO - __main__ - MainThread : Environment variables loaded: {'database_url': 'pq.fhnw.ch', 'database_port': '5432', 'database_username': 'dbusername_dev', 'database_password': 'dbpassword_dev', 'log_level': 'debug'}
2025-06-06 02:15:07,347 - INFO - __main__ - MainThread : Log level set to: DEBUG
2025-06-06 02:15:07,351 - INFO - __main__ - MainThread : Starting Data Collection Service...
2025-06-06 02:15:07,351 - INFO - datastructure - MainThread : Creating new DataStorage instance.
2025-06-06 02:15:07,351 - DEBUG - datastructure - MainThread : DataStorage __init__ called.
2025-06-06 02:15:07,351 - INFO - datastructure - MainThread : Attempting to load data from JSON files...
2025-06-06 02:15:07,352 - DEBUG - datastructure - MainThread : Patient initialized/updated: {'name': 'Billy Blaze', 'id': 'bf9eb35c-41ce-11f0-b73e-9b1ea4d95ba0', 'blood_pressure': '120/80', 'heart_rate': 70, 'age': 42}
2025-06-06 02:15:07,352 - DEBUG - datastructure - MainThread : Patient initialized/updated: {'name': 'John Doe', 'id': '444fa9b9-4206-11f0-9b93-9b1ea4d95ba0', 'age': 30}
2025-06-06 02:15:07,352 - DEBUG - datastructure - MainThread : Patient initialized/updated: {'name': 'Jane Doe', 'id': 'ea12c68f-4206-11f0-80ce-9b1ea4d95ba0', 'age': 25}
2025-06-06 02:15:07,352 - INFO - datastructure - MainThread : 3 patients loaded.
2025-06-06 02:15:07,352 - INFO - datastructure - MainThread : 0 experiments loaded.
2025-06-06 02:15:07,352 - ERROR - datastructure - MainThread : Error loading or parsing data.json: 'list' object has no attribute 'items'
Traceback (most recent call last):
  File "C:\Users\John Arellano\PycharmProjects\msd_2025_j.arellano\Module07_Assignment\Data_Collection_Exercise\backendservice-main-src\datastructure.py", line 386, in load_data
    for dp_id, dp_details in dp_data_dict.items():
                             ^^^^^^^^^^^^^^^^^^
AttributeError: 'list' object has no attribute 'items'
2025-06-06 02:15:07,353 - INFO - __main__ - MainThread : Initial data loaded from files (if any existed).
2025-06-06 02:15:07,353 - INFO - __main__ - MainThread : Service will run on host 0.0.0.0, port 5000
2025-06-06 02:15:07,363 - WARNING - werkzeug - MainThread :  * Debugger is active!
2025-06-06 02:15:07,368 - INFO - werkzeug - MainThread :  * Debugger PIN: 104-987-032
2025-06-06 02:29:55,763 - INFO - werkzeug - Thread-1 :  * Detected change in 'C:\\Users\\John Arellano\\PycharmProjects\\msd_2025_j.arellano\\Module07_Assignment\\Data_Collection_Exercise\\backendservice-main-src\\datastructure.py', reloading
2025-06-06 02:29:55,764 - INFO - werkzeug - Thread-1 :  * Detected change in 'C:\\Users\\John Arellano\\PycharmProjects\\msd_2025_j.arellano\\Module07_Assignment\\Data_Collection_Exercise\\backendservice-main-src\\datastructure.py', reloading
2025-06-06 02:29:55,764 - INFO - werkzeug - Thread-1 :  * Detected change in 'C:\\Users\\John Arellano\\PycharmProjects\\msd_2025_j.arellano\\Module07_Assignment\\Data_Collection_Exercise\\backendservice-main-src\\datastructure.py', reloading
2025-06-06 02:29:56,320 - INFO - werkzeug - MainThread :  * Restarting with watchdog (windowsapi)
2025-06-06 02:55:27,261 - INFO - __main__ - MainThread : Attempting to load environment from: C:\Users\John Arellano\PycharmProjects\msd_2025_j.arellano\Module07_Assignment\Data_Collection_Exercise\backendservice-main-src\dev_env.json
2025-06-06 02:55:27,261 - INFO - __main__ - MainThread : Environment variables loaded: {'database_url': 'pq.fhnw.ch', 'database_port': '5432', 'database_username': 'dbusername_dev', 'database_password': 'dbpassword_dev', 'log_level': 'debug'}
2025-06-06 02:55:27,261 - INFO - __main__ - MainThread : Log level set to: DEBUG
2025-06-06 02:55:27,266 - INFO - __main__ - MainThread : Starting Data Collection Service...
2025-06-06 02:55:27,266 - INFO - datastructure - MainThread : Creating new DataStorage instance.
2025-06-06 02:55:27,266 - DEBUG - datastructure - MainThread : DataStorage __init__ called.
2025-06-06 02:55:27,266 - INFO - datastructure - MainThread : Attempting to load data from JSON files...
2025-06-06 02:55:27,267 - DEBUG - datastructure - MainThread : Patient initialized/updated: {'name': 'Billy Blaze', 'id': 'bf9eb35c-41ce-11f0-b73e-9b1ea4d95ba0', 'blood_pressure': '120/80', 'heart_rate': 70, 'age': 42}
2025-06-06 02:55:27,267 - DEBUG - datastructure - MainThread : Patient initialized/updated: {'name': 'John Doe', 'id': '444fa9b9-4206-11f0-9b93-9b1ea4d95ba0', 'age': 30}
2025-06-06 02:55:27,267 - DEBUG - datastructure - MainThread : Patient initialized/updated: {'name': 'Jane Doe', 'id': 'ea12c68f-4206-11f0-80ce-9b1ea4d95ba0', 'age': 25}
2025-06-06 02:55:27,267 - INFO - datastructure - MainThread : 3 patients loaded.
2025-06-06 02:55:27,267 - INFO - datastructure - MainThread : 0 experiments loaded.
2025-06-06 02:55:27,267 - ERROR - datastructure - MainThread : Error loading or parsing data.json: 'list' object has no attribute 'items'
Traceback (most recent call last):
  File "C:\Users\John Arellano\PycharmProjects\msd_2025_j.arellano\Module07_Assignment\Data_Collection_Exercise\backendservice-main-src\datastructure.py", line 492, in load_data
    for dp_id, dp_details in dp_data_dict.items():
                             ^^^^^^^^^^^^^^^^^^
AttributeError: 'list' object has no attribute 'items'
2025-06-06 02:55:27,268 - INFO - __main__ - MainThread : Initial data loaded from files (if any existed).
2025-06-06 02:55:27,268 - INFO - __main__ - MainThread : Service will run on host 0.0.0.0, port 5000
2025-06-06 02:55:27,299 - INFO - werkzeug - MainThread : [31m[1mWARNING: This is a development server. Do not use it in a production deployment. Use a production WSGI server instead.[0m
 * Running on all addresses (0.0.0.0)
 * Running on http://127.0.0.1:5000
 * Running on http://192.168.0.168:5000
2025-06-06 02:55:27,299 - INFO - werkzeug - MainThread : [33mPress CTRL+C to quit[0m
2025-06-06 02:55:27,308 - INFO - werkzeug - MainThread :  * Restarting with watchdog (windowsapi)
2025-06-06 02:55:28,052 - INFO - __main__ - MainThread : Attempting to load environment from: C:\Users\John Arellano\PycharmProjects\msd_2025_j.arellano\Module07_Assignment\Data_Collection_Exercise\backendservice-main-src\dev_env.json
2025-06-06 02:55:28,052 - INFO - __main__ - MainThread : Environment variables loaded: {'database_url': 'pq.fhnw.ch', 'database_port': '5432', 'database_username': 'dbusername_dev', 'database_password': 'dbpassword_dev', 'log_level': 'debug'}
2025-06-06 02:55:28,052 - INFO - __main__ - MainThread : Log level set to: DEBUG
2025-06-06 02:55:28,056 - INFO - __main__ - MainThread : Starting Data Collection Service...
2025-06-06 02:55:28,056 - INFO - datastructure - MainThread : Creating new DataStorage instance.
2025-06-06 02:55:28,056 - DEBUG - datastructure - MainThread : DataStorage __init__ called.
2025-06-06 02:55:28,056 - INFO - datastructure - MainThread : Attempting to load data from JSON files...
2025-06-06 02:55:28,057 - DEBUG - datastructure - MainThread : Patient initialized/updated: {'name': 'Billy Blaze', 'id': 'bf9eb35c-41ce-11f0-b73e-9b1ea4d95ba0', 'blood_pressure': '120/80', 'heart_rate': 70, 'age': 42}
2025-06-06 02:55:28,057 - DEBUG - datastructure - MainThread : Patient initialized/updated: {'name': 'John Doe', 'id': '444fa9b9-4206-11f0-9b93-9b1ea4d95ba0', 'age': 30}
2025-06-06 02:55:28,057 - DEBUG - datastructure - MainThread : Patient initialized/updated: {'name': 'Jane Doe', 'id': 'ea12c68f-4206-11f0-80ce-9b1ea4d95ba0', 'age': 25}
2025-06-06 02:55:28,057 - INFO - datastructure - MainThread : 3 patients loaded.
2025-06-06 02:55:28,057 - INFO - datastructure - MainThread : 0 experiments loaded.
2025-06-06 02:55:28,057 - ERROR - datastructure - MainThread : Error loading or parsing data.json: 'list' object has no attribute 'items'
Traceback (most recent call last):
  File "C:\Users\John Arellano\PycharmProjects\msd_2025_j.arellano\Module07_Assignment\Data_Collection_Exercise\backendservice-main-src\datastructure.py", line 492, in load_data
    for dp_id, dp_details in dp_data_dict.items():
                             ^^^^^^^^^^^^^^^^^^
AttributeError: 'list' object has no attribute 'items'
2025-06-06 02:55:28,059 - INFO - __main__ - MainThread : Initial data loaded from files (if any existed).
2025-06-06 02:55:28,059 - INFO - __main__ - MainThread : Service will run on host 0.0.0.0, port 5000
2025-06-06 02:55:28,067 - WARNING - werkzeug - MainThread :  * Debugger is active!
2025-06-06 02:55:28,071 - INFO - werkzeug - MainThread :  * Debugger PIN: 104-987-032
2025-06-06 03:02:51,838 - INFO - werkzeug - Thread-8 (process_request_thread) : 127.0.0.1 - - [06/Jun/2025 03:02:51] "[31m[1mPOST /patients HTTP/1.1[0m" 405 -
2025-06-06 03:04:58,572 - INFO - werkzeug - Thread-9 (process_request_thread) : 127.0.0.1 - - [06/Jun/2025 03:04:58] "[31m[1mPOST /patients HTTP/1.1[0m" 405 -
2025-06-06 03:19:46,512 - INFO - __main__ - Thread-10 (process_request_thread) : User 'user' authenticated successfully.
2025-06-06 03:19:46,512 - INFO - __main__ - Thread-10 (process_request_thread) : '/patients' GET request by 'user'.
2025-06-06 03:19:46,513 - DEBUG - datastructure - Thread-10 (process_request_thread) : DataStorage __init__ called.
2025-06-06 03:19:46,513 - DEBUG - datastructure - Thread-10 (process_request_thread) : Retrieved all 3 patients.
2025-06-06 03:19:46,513 - INFO - werkzeug - Thread-10 (process_request_thread) : 127.0.0.1 - - [06/Jun/2025 03:19:46] "GET /patients HTTP/1.1" 200 -
2025-06-06 03:21:16,880 - INFO - __main__ - MainThread : Attempting to load environment from: C:\Users\John Arellano\PycharmProjects\msd_2025_j.arellano\Module07_Assignment\Data_Collection_Exercise\backendservice-main-src\dev_env.json
2025-06-06 03:21:16,880 - INFO - __main__ - MainThread : Environment variables loaded: {'database_url': 'pq.fhnw.ch', 'database_port': '5432', 'database_username': 'dbusername_dev', 'database_password': 'dbpassword_dev', 'log_level': 'debug'}
2025-06-06 03:21:16,880 - INFO - __main__ - MainThread : Log level set to: DEBUG
2025-06-06 03:21:16,884 - INFO - __main__ - MainThread : Starting Data Collection Service...
2025-06-06 03:21:16,884 - INFO - datastructure - MainThread : Creating new DataStorage instance.
2025-06-06 03:21:16,885 - DEBUG - datastructure - MainThread : DataStorage __init__ called.
2025-06-06 03:21:16,885 - INFO - datastructure - MainThread : Attempting to load data from JSON files...
2025-06-06 03:21:16,885 - DEBUG - datastructure - MainThread : Patient initialized/updated: {'name': 'Billy Blaze', 'id': 'bf9eb35c-41ce-11f0-b73e-9b1ea4d95ba0', 'blood_pressure': '120/80', 'heart_rate': 70, 'age': 42}
2025-06-06 03:21:16,885 - DEBUG - datastructure - MainThread : Patient initialized/updated: {'name': 'John Doe', 'id': '444fa9b9-4206-11f0-9b93-9b1ea4d95ba0', 'age': 30}
2025-06-06 03:21:16,885 - DEBUG - datastructure - MainThread : Patient initialized/updated: {'name': 'Jane Doe', 'id': 'ea12c68f-4206-11f0-80ce-9b1ea4d95ba0', 'age': 25}
2025-06-06 03:21:16,885 - INFO - datastructure - MainThread : 3 patients loaded.
2025-06-06 03:21:16,885 - INFO - datastructure - MainThread : 0 experiments loaded.
2025-06-06 03:21:16,885 - ERROR - datastructure - MainThread : Error loading or parsing data.json: 'list' object has no attribute 'items'
Traceback (most recent call last):
  File "C:\Users\John Arellano\PycharmProjects\msd_2025_j.arellano\Module07_Assignment\Data_Collection_Exercise\backendservice-main-src\datastructure.py", line 492, in load_data
    for dp_id, dp_details in dp_data_dict.items():
                             ^^^^^^^^^^^^^^^^^^
AttributeError: 'list' object has no attribute 'items'
2025-06-06 03:21:16,886 - INFO - __main__ - MainThread : Initial data loaded from files (if any existed).
2025-06-06 03:21:16,887 - INFO - __main__ - MainThread : Service will run on host 0.0.0.0, port 5000
2025-06-06 03:21:16,927 - INFO - werkzeug - MainThread : [31m[1mWARNING: This is a development server. Do not use it in a production deployment. Use a production WSGI server instead.[0m
 * Running on all addresses (0.0.0.0)
 * Running on http://127.0.0.1:5000
 * Running on http://192.168.0.168:5000
2025-06-06 03:21:16,927 - INFO - werkzeug - MainThread : [33mPress CTRL+C to quit[0m
2025-06-06 03:21:16,937 - INFO - werkzeug - MainThread :  * Restarting with watchdog (windowsapi)
2025-06-06 03:21:17,105 - INFO - werkzeug - Thread-1 :  * Detected change in 'C:\\Users\\John Arellano\\PycharmProjects\\msd_2025_j.arellano\\Module07_Assignment\\Data_Collection_Exercise\\backendservice-main-src\\app.py', reloading
2025-06-06 03:21:17,266 - INFO - __main__ - MainThread : Attempting to load environment from: C:\Users\John Arellano\PycharmProjects\msd_2025_j.arellano\Module07_Assignment\Data_Collection_Exercise\backendservice-main-src\dev_env.json
2025-06-06 03:21:17,267 - INFO - __main__ - MainThread : Environment variables loaded: {'database_url': 'pq.fhnw.ch', 'database_port': '5432', 'database_username': 'dbusername_dev', 'database_password': 'dbpassword_dev', 'log_level': 'debug'}
2025-06-06 03:21:17,267 - INFO - __main__ - MainThread : Log level set to: DEBUG
2025-06-06 03:21:17,271 - INFO - __main__ - MainThread : Starting Data Collection Service...
2025-06-06 03:21:17,271 - INFO - datastructure - MainThread : Creating new DataStorage instance.
2025-06-06 03:21:17,271 - DEBUG - datastructure - MainThread : DataStorage __init__ called.
2025-06-06 03:21:17,271 - INFO - datastructure - MainThread : Attempting to load data from JSON files...
2025-06-06 03:21:17,272 - DEBUG - datastructure - MainThread : Patient initialized/updated: {'name': 'Billy Blaze', 'id': 'bf9eb35c-41ce-11f0-b73e-9b1ea4d95ba0', 'blood_pressure': '120/80', 'heart_rate': 70, 'age': 42}
2025-06-06 03:21:17,272 - DEBUG - datastructure - MainThread : Patient initialized/updated: {'name': 'John Doe', 'id': '444fa9b9-4206-11f0-9b93-9b1ea4d95ba0', 'age': 30}
2025-06-06 03:21:17,272 - DEBUG - datastructure - MainThread : Patient initialized/updated: {'name': 'Jane Doe', 'id': 'ea12c68f-4206-11f0-80ce-9b1ea4d95ba0', 'age': 25}
2025-06-06 03:21:17,272 - INFO - datastructure - MainThread : 3 patients loaded.
2025-06-06 03:21:17,272 - INFO - datastructure - MainThread : 0 experiments loaded.
2025-06-06 03:21:17,272 - ERROR - datastructure - MainThread : Error loading or parsing data.json: 'list' object has no attribute 'items'
Traceback (most recent call last):
  File "C:\Users\John Arellano\PycharmProjects\msd_2025_j.arellano\Module07_Assignment\Data_Collection_Exercise\backendservice-main-src\datastructure.py", line 492, in load_data
    for dp_id, dp_details in dp_data_dict.items():
                             ^^^^^^^^^^^^^^^^^^
AttributeError: 'list' object has no attribute 'items'
2025-06-06 03:21:17,273 - INFO - __main__ - MainThread : Initial data loaded from files (if any existed).
2025-06-06 03:21:17,273 - INFO - __main__ - MainThread : Service will run on host 0.0.0.0, port 5000
2025-06-06 03:21:17,285 - WARNING - werkzeug - MainThread :  * Debugger is active!
2025-06-06 03:21:17,289 - INFO - werkzeug - MainThread :  * Debugger PIN: 104-987-032
2025-06-06 03:21:17,441 - INFO - werkzeug - MainThread :  * Restarting with watchdog (windowsapi)
2025-06-06 03:21:18,208 - INFO - __main__ - MainThread : Attempting to load environment from: C:\Users\John Arellano\PycharmProjects\msd_2025_j.arellano\Module07_Assignment\Data_Collection_Exercise\backendservice-main-src\dev_env.json
2025-06-06 03:21:18,208 - INFO - __main__ - MainThread : Environment variables loaded: {'database_url': 'pq.fhnw.ch', 'database_port': '5432', 'database_username': 'dbusername_dev', 'database_password': 'dbpassword_dev', 'log_level': 'debug'}
2025-06-06 03:21:18,208 - INFO - __main__ - MainThread : Log level set to: DEBUG
2025-06-06 03:21:18,212 - INFO - __main__ - MainThread : Starting Data Collection Service...
2025-06-06 03:21:18,212 - INFO - datastructure - MainThread : Creating new DataStorage instance.
2025-06-06 03:21:18,212 - DEBUG - datastructure - MainThread : DataStorage __init__ called.
2025-06-06 03:21:18,212 - INFO - datastructure - MainThread : Attempting to load data from JSON files...
2025-06-06 03:21:18,213 - DEBUG - datastructure - MainThread : Patient initialized/updated: {'name': 'Billy Blaze', 'id': 'bf9eb35c-41ce-11f0-b73e-9b1ea4d95ba0', 'blood_pressure': '120/80', 'heart_rate': 70, 'age': 42}
2025-06-06 03:21:18,213 - DEBUG - datastructure - MainThread : Patient initialized/updated: {'name': 'John Doe', 'id': '444fa9b9-4206-11f0-9b93-9b1ea4d95ba0', 'age': 30}
2025-06-06 03:21:18,213 - DEBUG - datastructure - MainThread : Patient initialized/updated: {'name': 'Jane Doe', 'id': 'ea12c68f-4206-11f0-80ce-9b1ea4d95ba0', 'age': 25}
2025-06-06 03:21:18,213 - INFO - datastructure - MainThread : 3 patients loaded.
2025-06-06 03:21:18,213 - INFO - datastructure - MainThread : 0 experiments loaded.
2025-06-06 03:21:18,213 - ERROR - datastructure - MainThread : Error loading or parsing data.json: 'list' object has no attribute 'items'
Traceback (most recent call last):
  File "C:\Users\John Arellano\PycharmProjects\msd_2025_j.arellano\Module07_Assignment\Data_Collection_Exercise\backendservice-main-src\datastructure.py", line 492, in load_data
    for dp_id, dp_details in dp_data_dict.items():
                             ^^^^^^^^^^^^^^^^^^
AttributeError: 'list' object has no attribute 'items'
2025-06-06 03:21:18,214 - INFO - __main__ - MainThread : Initial data loaded from files (if any existed).
2025-06-06 03:21:18,214 - INFO - __main__ - MainThread : Service will run on host 0.0.0.0, port 5000
2025-06-06 03:21:18,224 - WARNING - werkzeug - MainThread :  * Debugger is active!
2025-06-06 03:21:18,227 - INFO - werkzeug - MainThread :  * Debugger PIN: 104-987-032
2025-06-06 03:22:07,054 - INFO - __main__ - Thread-8 (process_request_thread) : User 'user' authenticated successfully.
2025-06-06 03:22:07,054 - DEBUG - datastructure - Thread-8 (process_request_thread) : DataStorage __init__ called.
2025-06-06 03:22:07,054 - DEBUG - datastructure - Thread-8 (process_request_thread) : Patient retrieved: ID 'bf9eb35c-41ce-11f0-b73e-9b1ea4d95ba0'
2025-06-06 03:22:07,054 - INFO - __main__ - Thread-8 (process_request_thread) : 'patient_data_actions' GET for patient 'bf9eb35c-41ce-11f0-b73e-9b1ea4d95ba0' by 'user'.
2025-06-06 03:22:07,054 - DEBUG - datastructure - Thread-8 (process_request_thread) : Retrieved 0 data points for patient 'bf9eb35c-41ce-11f0-b73e-9b1ea4d95ba0' (exp filter: None).
2025-06-06 03:22:07,055 - INFO - werkzeug - Thread-8 (process_request_thread) : 127.0.0.1 - - [06/Jun/2025 03:22:07] "GET /patient/bf9eb35c-41ce-11f0-b73e-9b1ea4d95ba0/data HTTP/1.1" 200 -
2025-06-06 03:22:19,946 - INFO - __main__ - Thread-9 (process_request_thread) : User 'user' authenticated successfully.
2025-06-06 03:22:19,946 - DEBUG - datastructure - Thread-9 (process_request_thread) : DataStorage __init__ called.
2025-06-06 03:22:19,946 - DEBUG - datastructure - Thread-9 (process_request_thread) : Patient retrieved: ID 'bf9eb35c-41ce-11f0-b73e-9b1ea4d95ba0'
2025-06-06 03:22:19,946 - INFO - __main__ - Thread-9 (process_request_thread) : Patient 'bf9eb35c-41ce-11f0-b73e-9b1ea4d95ba0' retrieved by 'user'.
2025-06-06 03:22:19,948 - INFO - werkzeug - Thread-9 (process_request_thread) : 127.0.0.1 - - [06/Jun/2025 03:22:19] "GET /patient/bf9eb35c-41ce-11f0-b73e-9b1ea4d95ba0 HTTP/1.1" 200 -
2025-06-06 03:23:09,505 - INFO - werkzeug - Thread-10 (process_request_thread) : 127.0.0.1 - - [06/Jun/2025 03:23:09] "[31m[1mGET /patient HTTP/1.1[0m" 405 -
2025-06-06 03:23:16,822 - INFO - __main__ - Thread-11 (process_request_thread) : User 'user' authenticated successfully.
2025-06-06 03:23:16,822 - INFO - __main__ - Thread-11 (process_request_thread) : '/patients' GET request by 'user'.
2025-06-06 03:23:16,822 - DEBUG - datastructure - Thread-11 (process_request_thread) : DataStorage __init__ called.
2025-06-06 03:23:16,822 - DEBUG - datastructure - Thread-11 (process_request_thread) : Retrieved all 3 patients.
2025-06-06 03:23:16,822 - INFO - werkzeug - Thread-11 (process_request_thread) : 127.0.0.1 - - [06/Jun/2025 03:23:16] "GET /patients HTTP/1.1" 200 -
2025-06-06 03:25:31,604 - WARNING - __main__ - Thread-12 (process_request_thread) : Authentication failed for user ''.
2025-06-06 03:25:31,604 - INFO - werkzeug - Thread-12 (process_request_thread) : 127.0.0.1 - - [06/Jun/2025 03:25:31] "[31m[1mGET / HTTP/1.1[0m" 401 -
2025-06-06 03:25:49,248 - INFO - __main__ - Thread-13 (process_request_thread) : User 'user' authenticated successfully.
2025-06-06 03:25:49,248 - INFO - __main__ - Thread-13 (process_request_thread) : 'index' endpoint called by user: user.
2025-06-06 03:25:49,248 - INFO - werkzeug - Thread-13 (process_request_thread) : 127.0.0.1 - - [06/Jun/2025 03:25:49] "GET / HTTP/1.1" 200 -
2025-06-06 03:27:32,770 - INFO - werkzeug - Thread-1 :  * Detected change in 'C:\\Users\\John Arellano\\PycharmProjects\\msd_2025_j.arellano\\.venv\\Lib\\site-packages\\memory_profiler.py', reloading
2025-06-06 03:27:32,986 - INFO - werkzeug - Thread-1 :  * Detected change in 'C:\\Users\\John Arellano\\PycharmProjects\\msd_2025_j.arellano\\.venv\\Lib\\site-packages\\psutil\\_common.py', reloading
2025-06-06 03:27:32,986 - INFO - werkzeug - Thread-1 :  * Detected change in 'C:\\Users\\John Arellano\\PycharmProjects\\msd_2025_j.arellano\\.venv\\Lib\\site-packages\\memory_profiler.py', reloading
2025-06-06 03:27:33,354 - INFO - werkzeug - Thread-1 :  * Detected change in 'C:\\Users\\John Arellano\\PycharmProjects\\msd_2025_j.arellano\\.venv\\Lib\\site-packages\\psutil\\_common.py', reloading
2025-06-06 03:27:33,358 - INFO - werkzeug - Thread-1 :  * Detected change in 'C:\\Users\\John Arellano\\PycharmProjects\\msd_2025_j.arellano\\.venv\\Lib\\site-packages\\psutil\\_compat.py', reloading
2025-06-06 03:27:33,358 - INFO - werkzeug - Thread-1 :  * Detected change in 'C:\\Users\\John Arellano\\PycharmProjects\\msd_2025_j.arellano\\.venv\\Lib\\site-packages\\psutil\\_pswindows.py', reloading
2025-06-06 03:27:33,359 - INFO - werkzeug - Thread-1 :  * Detected change in 'C:\\Users\\John Arellano\\PycharmProjects\\msd_2025_j.arellano\\Module07_Assignment\\Data_Collection_Exercise\\backendservice-main-src\\app.py', reloading
2025-06-06 03:27:33,359 - INFO - werkzeug - Thread-1 :  * Detected change in 'C:\\Users\\John Arellano\\PycharmProjects\\msd_2025_j.arellano\\.venv\\Lib\\site-packages\\psutil\\_pswindows.py', reloading
2025-06-06 03:27:33,359 - INFO - werkzeug - Thread-1 :  * Detected change in 'C:\\Users\\John Arellano\\PycharmProjects\\msd_2025_j.arellano\\Module07_Assignment\\Data_Collection_Exercise\\backendservice-main-src\\app.py', reloading
2025-06-06 03:27:33,359 - INFO - werkzeug - Thread-1 :  * Detected change in 'C:\\Users\\John Arellano\\PycharmProjects\\msd_2025_j.arellano\\.venv\\Lib\\site-packages\\psutil\\__init__.py', reloading
2025-06-06 03:27:33,360 - INFO - werkzeug - Thread-1 :  * Detected change in 'C:\\Users\\John Arellano\\PycharmProjects\\msd_2025_j.arellano\\.venv\\Lib\\site-packages\\werkzeug\\_internal.py', reloading
2025-06-06 03:27:33,360 - INFO - werkzeug - Thread-1 :  * Detected change in 'C:\\Users\\John Arellano\\PycharmProjects\\msd_2025_j.arellano\\.venv\\Lib\\site-packages\\werkzeug\\_internal.py', reloading
2025-06-06 03:27:33,361 - INFO - werkzeug - Thread-1 :  * Detected change in 'C:\\Users\\John Arellano\\PycharmProjects\\msd_2025_j.arellano\\.venv\\Lib\\site-packages\\werkzeug\\exceptions.py', reloading
2025-06-06 03:27:33,361 - INFO - werkzeug - Thread-1 :  * Detected change in 'C:\\Users\\John Arellano\\PycharmProjects\\msd_2025_j.arellano\\.venv\\Lib\\site-packages\\werkzeug\\exceptions.py', reloading
2025-06-06 03:27:33,361 - INFO - werkzeug - Thread-1 :  * Detected change in 'C:\\Users\\John Arellano\\PycharmProjects\\msd_2025_j.arellano\\.venv\\Lib\\site-packages\\werkzeug\\datastructures\\mixins.py', reloading
2025-06-06 03:27:33,361 - INFO - werkzeug - Thread-1 :  * Detected change in 'C:\\Users\\John Arellano\\PycharmProjects\\msd_2025_j.arellano\\.venv\\Lib\\site-packages\\werkzeug\\datastructures\\mixins.py', reloading
2025-06-06 03:27:33,361 - INFO - werkzeug - Thread-1 :  * Detected change in 'C:\\Users\\John Arellano\\PycharmProjects\\msd_2025_j.arellano\\.venv\\Lib\\site-packages\\werkzeug\\http.py', reloading
2025-06-06 03:27:33,361 - INFO - werkzeug - Thread-1 :  * Detected change in 'C:\\Users\\John Arellano\\PycharmProjects\\msd_2025_j.arellano\\.venv\\Lib\\site-packages\\werkzeug\\http.py', reloading
2025-06-06 03:27:33,362 - INFO - werkzeug - Thread-1 :  * Detected change in 'C:\\Users\\John Arellano\\PycharmProjects\\msd_2025_j.arellano\\.venv\\Lib\\site-packages\\werkzeug\\datastructures\\structures.py', reloading
2025-06-06 03:27:33,362 - INFO - werkzeug - Thread-1 :  * Detected change in 'C:\\Users\\John Arellano\\PycharmProjects\\msd_2025_j.arellano\\.venv\\Lib\\site-packages\\werkzeug\\datastructures\\structures.py', reloading
2025-06-06 03:27:33,363 - INFO - werkzeug - Thread-1 :  * Detected change in 'C:\\Users\\John Arellano\\PycharmProjects\\msd_2025_j.arellano\\.venv\\Lib\\site-packages\\werkzeug\\datastructures\\auth.py', reloading
2025-06-06 03:27:33,363 - INFO - werkzeug - Thread-1 :  * Detected change in 'C:\\Users\\John Arellano\\PycharmProjects\\msd_2025_j.arellano\\.venv\\Lib\\site-packages\\werkzeug\\datastructures\\cache_control.py', reloading
2025-06-06 03:27:33,363 - INFO - werkzeug - Thread-1 :  * Detected change in 'C:\\Users\\John Arellano\\PycharmProjects\\msd_2025_j.arellano\\.venv\\Lib\\site-packages\\werkzeug\\datastructures\\cache_control.py', reloading
2025-06-06 03:27:33,363 - INFO - werkzeug - Thread-1 :  * Detected change in 'C:\\Users\\John Arellano\\PycharmProjects\\msd_2025_j.arellano\\.venv\\Lib\\site-packages\\werkzeug\\datastructures\\headers.py', reloading
2025-06-06 03:27:33,365 - INFO - werkzeug - Thread-1 :  * Detected change in 'C:\\Users\\John Arellano\\PycharmProjects\\msd_2025_j.arellano\\.venv\\Lib\\site-packages\\werkzeug\\datastructures\\headers.py', reloading
2025-06-06 03:27:33,365 - INFO - werkzeug - Thread-1 :  * Detected change in 'C:\\Users\\John Arellano\\PycharmProjects\\msd_2025_j.arellano\\.venv\\Lib\\site-packages\\werkzeug\\datastructures\\__init__.py', reloading
2025-06-06 03:27:33,366 - INFO - werkzeug - Thread-1 :  * Detected change in 'C:\\Users\\John Arellano\\PycharmProjects\\msd_2025_j.arellano\\.venv\\Lib\\site-packages\\werkzeug\\datastructures\\__init__.py', reloading
2025-06-06 03:27:33,366 - INFO - werkzeug - Thread-1 :  * Detected change in 'C:\\Users\\John Arellano\\PycharmProjects\\msd_2025_j.arellano\\.venv\\Lib\\site-packages\\werkzeug\\utils.py', reloading
2025-06-06 03:27:33,366 - INFO - werkzeug - Thread-1 :  * Detected change in 'C:\\Users\\John Arellano\\PycharmProjects\\msd_2025_j.arellano\\.venv\\Lib\\site-packages\\werkzeug\\utils.py', reloading
2025-06-06 03:27:33,367 - INFO - werkzeug - Thread-1 :  * Detected change in 'C:\\Users\\John Arellano\\PycharmProjects\\msd_2025_j.arellano\\.venv\\Lib\\site-packages\\werkzeug\\sansio\\request.py', reloading
2025-06-06 03:27:33,367 - INFO - werkzeug - Thread-1 :  * Detected change in 'C:\\Users\\John Arellano\\PycharmProjects\\msd_2025_j.arellano\\.venv\\Lib\\site-packages\\werkzeug\\sansio\\request.py', reloading
2025-06-06 03:27:33,367 - INFO - werkzeug - Thread-1 :  * Detected change in 'C:\\Users\\John Arellano\\PycharmProjects\\msd_2025_j.arellano\\.venv\\Lib\\site-packages\\werkzeug\\wrappers\\request.py', reloading
2025-06-06 03:27:33,367 - INFO - werkzeug - Thread-1 :  * Detected change in 'C:\\Users\\John Arellano\\PycharmProjects\\msd_2025_j.arellano\\.venv\\Lib\\site-packages\\werkzeug\\sansio\\response.py', reloading
2025-06-06 03:27:33,367 - INFO - werkzeug - Thread-1 :  * Detected change in 'C:\\Users\\John Arellano\\PycharmProjects\\msd_2025_j.arellano\\.venv\\Lib\\site-packages\\werkzeug\\sansio\\response.py', reloading
2025-06-06 03:27:33,369 - INFO - werkzeug - Thread-1 :  * Detected change in 'C:\\Users\\John Arellano\\PycharmProjects\\msd_2025_j.arellano\\.venv\\Lib\\site-packages\\werkzeug\\wrappers\\response.py', reloading
2025-06-06 03:27:33,370 - INFO - werkzeug - Thread-1 :  * Detected change in 'C:\\Users\\John Arellano\\PycharmProjects\\msd_2025_j.arellano\\.venv\\Lib\\site-packages\\werkzeug\\wrappers\\__init__.py', reloading
2025-06-06 03:27:33,370 - INFO - werkzeug - Thread-1 :  * Detected change in 'C:\\Users\\John Arellano\\PycharmProjects\\msd_2025_j.arellano\\.venv\\Lib\\site-packages\\werkzeug\\wrappers\\__init__.py', reloading
2025-06-06 03:27:33,370 - INFO - werkzeug - Thread-1 :  * Detected change in 'C:\\Users\\John Arellano\\PycharmProjects\\msd_2025_j.arellano\\.venv\\Lib\\site-packages\\werkzeug\\__init__.py', reloading
2025-06-06 03:27:33,370 - INFO - werkzeug - Thread-1 :  * Detected change in 'C:\\Users\\John Arellano\\PycharmProjects\\msd_2025_j.arellano\\.venv\\Lib\\site-packages\\werkzeug\\__init__.py', reloading
2025-06-06 03:27:33,370 - INFO - werkzeug - Thread-1 :  * Detected change in 'C:\\Users\\John Arellano\\PycharmProjects\\msd_2025_j.arellano\\.venv\\Lib\\site-packages\\werkzeug\\local.py', reloading
2025-06-06 03:27:33,370 - INFO - werkzeug - Thread-1 :  * Detected change in 'C:\\Users\\John Arellano\\PycharmProjects\\msd_2025_j.arellano\\.venv\\Lib\\site-packages\\flask\\globals.py', reloading
2025-06-06 03:27:33,371 - INFO - werkzeug - Thread-1 :  * Detected change in 'C:\\Users\\John Arellano\\PycharmProjects\\msd_2025_j.arellano\\.venv\\Lib\\site-packages\\flask\\json\\provider.py', reloading
2025-06-06 03:27:33,371 - INFO - werkzeug - Thread-1 :  * Detected change in 'C:\\Users\\John Arellano\\PycharmProjects\\msd_2025_j.arellano\\.venv\\Lib\\site-packages\\flask\\json\\provider.py', reloading
2025-06-06 03:27:33,372 - INFO - werkzeug - Thread-1 :  * Detected change in 'C:\\Users\\John Arellano\\PycharmProjects\\msd_2025_j.arellano\\.venv\\Lib\\site-packages\\flask\\json\\__init__.py', reloading
2025-06-06 03:27:33,372 - INFO - werkzeug - Thread-1 :  * Detected change in 'C:\\Users\\John Arellano\\PycharmProjects\\msd_2025_j.arellano\\.venv\\Lib\\site-packages\\flask\\json\\__init__.py', reloading
2025-06-06 03:27:33,373 - INFO - werkzeug - Thread-1 :  * Detected change in 'C:\\Users\\John Arellano\\PycharmProjects\\msd_2025_j.arellano\\.venv\\Lib\\site-packages\\click\\exceptions.py', reloading
2025-06-06 03:27:33,373 - INFO - werkzeug - Thread-1 :  * Detected change in 'C:\\Users\\John Arellano\\PycharmProjects\\msd_2025_j.arellano\\.venv\\Lib\\site-packages\\click\\types.py', reloading
2025-06-06 03:27:33,373 - INFO - werkzeug - Thread-1 :  * Detected change in 'C:\\Users\\John Arellano\\PycharmProjects\\msd_2025_j.arellano\\.venv\\Lib\\site-packages\\click\\types.py', reloading
2025-06-06 03:27:33,374 - INFO - werkzeug - Thread-1 :  * Detected change in 'C:\\Users\\John Arellano\\PycharmProjects\\msd_2025_j.arellano\\.venv\\Lib\\site-packages\\click\\core.py', reloading
2025-06-06 03:27:33,374 - INFO - werkzeug - Thread-1 :  * Detected change in 'C:\\Users\\John Arellano\\PycharmProjects\\msd_2025_j.arellano\\.venv\\Lib\\site-packages\\click\\core.py', reloading
2025-06-06 03:27:33,376 - INFO - werkzeug - Thread-1 :  * Detected change in 'C:\\Users\\John Arellano\\PycharmProjects\\msd_2025_j.arellano\\.venv\\Lib\\site-packages\\click\\__init__.py', reloading
2025-06-06 03:27:33,376 - INFO - werkzeug - Thread-1 :  * Detected change in 'C:\\Users\\John Arellano\\PycharmProjects\\msd_2025_j.arellano\\.venv\\Lib\\site-packages\\click\\__init__.py', reloading
2025-06-06 03:27:33,376 - INFO - werkzeug - Thread-1 :  * Detected change in 'C:\\Users\\John Arellano\\PycharmProjects\\msd_2025_j.arellano\\.venv\\Lib\\site-packages\\werkzeug\\routing\\rules.py', reloading
2025-06-06 03:27:33,376 - INFO - werkzeug - Thread-1 :  * Detected change in 'C:\\Users\\John Arellano\\PycharmProjects\\msd_2025_j.arellano\\.venv\\Lib\\site-packages\\werkzeug\\routing\\rules.py', reloading
2025-06-06 03:27:33,377 - INFO - werkzeug - Thread-1 :  * Detected change in 'C:\\Users\\John Arellano\\PycharmProjects\\msd_2025_j.arellano\\.venv\\Lib\\site-packages\\werkzeug\\routing\\matcher.py', reloading
2025-06-06 03:27:33,377 - INFO - werkzeug - Thread-1 :  * Detected change in 'C:\\Users\\John Arellano\\PycharmProjects\\msd_2025_j.arellano\\.venv\\Lib\\site-packages\\werkzeug\\routing\\matcher.py', reloading
2025-06-06 03:27:33,377 - INFO - werkzeug - Thread-1 :  * Detected change in 'C:\\Users\\John Arellano\\PycharmProjects\\msd_2025_j.arellano\\.venv\\Lib\\site-packages\\werkzeug\\routing\\map.py', reloading
2025-06-06 03:27:33,377 - INFO - werkzeug - Thread-1 :  * Detected change in 'C:\\Users\\John Arellano\\PycharmProjects\\msd_2025_j.arellano\\.venv\\Lib\\site-packages\\werkzeug\\routing\\map.py', reloading
2025-06-06 03:27:33,377 - INFO - werkzeug - Thread-1 :  * Detected change in 'C:\\Users\\John Arellano\\PycharmProjects\\msd_2025_j.arellano\\.venv\\Lib\\site-packages\\werkzeug\\routing\\__init__.py', reloading
2025-06-06 03:27:33,377 - INFO - werkzeug - Thread-1 :  * Detected change in 'C:\\Users\\John Arellano\\PycharmProjects\\msd_2025_j.arellano\\.venv\\Lib\\site-packages\\werkzeug\\routing\\__init__.py', reloading
2025-06-06 03:27:33,378 - INFO - werkzeug - Thread-1 :  * Detected change in 'C:\\Users\\John Arellano\\PycharmProjects\\msd_2025_j.arellano\\.venv\\Lib\\site-packages\\flask\\helpers.py', reloading
2025-06-06 03:27:33,378 - INFO - werkzeug - Thread-1 :  * Detected change in 'C:\\Users\\John Arellano\\PycharmProjects\\msd_2025_j.arellano\\.venv\\Lib\\site-packages\\flask\\helpers.py', reloading
2025-06-06 03:27:33,380 - INFO - werkzeug - Thread-1 :  * Detected change in 'C:\\Users\\John Arellano\\PycharmProjects\\msd_2025_j.arellano\\.venv\\Lib\\site-packages\\flask\\cli.py', reloading
2025-06-06 03:27:33,380 - INFO - werkzeug - Thread-1 :  * Detected change in 'C:\\Users\\John Arellano\\PycharmProjects\\msd_2025_j.arellano\\.venv\\Lib\\site-packages\\flask\\config.py', reloading
2025-06-06 03:27:33,380 - INFO - werkzeug - Thread-1 :  * Detected change in 'C:\\Users\\John Arellano\\PycharmProjects\\msd_2025_j.arellano\\.venv\\Lib\\site-packages\\flask\\cli.py', reloading
2025-06-06 03:27:33,380 - INFO - werkzeug - Thread-1 :  * Detected change in 'C:\\Users\\John Arellano\\PycharmProjects\\msd_2025_j.arellano\\.venv\\Lib\\site-packages\\flask\\ctx.py', reloading
2025-06-06 03:27:33,380 - INFO - werkzeug - Thread-1 :  * Detected change in 'C:\\Users\\John Arellano\\PycharmProjects\\msd_2025_j.arellano\\.venv\\Lib\\site-packages\\flask\\config.py', reloading
2025-06-06 03:27:33,380 - INFO - werkzeug - Thread-1 :  * Detected change in 'C:\\Users\\John Arellano\\PycharmProjects\\msd_2025_j.arellano\\.venv\\Lib\\site-packages\\flask\\ctx.py', reloading
2025-06-06 03:27:33,380 - INFO - werkzeug - Thread-1 :  * Detected change in 'C:\\Users\\John Arellano\\PycharmProjects\\msd_2025_j.arellano\\.venv\\Lib\\site-packages\\jinja2\\utils.py', reloading
2025-06-06 03:27:33,382 - INFO - werkzeug - Thread-1 :  * Detected change in 'C:\\Users\\John Arellano\\PycharmProjects\\msd_2025_j.arellano\\.venv\\Lib\\site-packages\\jinja2\\utils.py', reloading
2025-06-06 03:27:33,382 - INFO - werkzeug - Thread-1 :  * Detected change in 'C:\\Users\\John Arellano\\PycharmProjects\\msd_2025_j.arellano\\.venv\\Lib\\site-packages\\jinja2\\environment.py', reloading
2025-06-06 03:27:33,382 - INFO - werkzeug - Thread-1 :  * Detected change in 'C:\\Users\\John Arellano\\PycharmProjects\\msd_2025_j.arellano\\.venv\\Lib\\site-packages\\jinja2\\environment.py', reloading
2025-06-06 03:27:33,383 - INFO - werkzeug - Thread-1 :  * Detected change in 'C:\\Users\\John Arellano\\PycharmProjects\\msd_2025_j.arellano\\.venv\\Lib\\site-packages\\jinja2\\loaders.py', reloading
2025-06-06 03:27:33,383 - INFO - werkzeug - Thread-1 :  * Detected change in 'C:\\Users\\John Arellano\\PycharmProjects\\msd_2025_j.arellano\\.venv\\Lib\\site-packages\\jinja2\\loaders.py', reloading
2025-06-06 03:27:33,383 - INFO - werkzeug - Thread-1 :  * Detected change in 'C:\\Users\\John Arellano\\PycharmProjects\\msd_2025_j.arellano\\.venv\\Lib\\site-packages\\jinja2\\__init__.py', reloading
2025-06-06 03:27:33,383 - INFO - werkzeug - Thread-1 :  * Detected change in 'C:\\Users\\John Arellano\\PycharmProjects\\msd_2025_j.arellano\\.venv\\Lib\\site-packages\\jinja2\\__init__.py', reloading
2025-06-06 03:27:33,384 - INFO - werkzeug - Thread-1 :  * Detected change in 'C:\\Users\\John Arellano\\PycharmProjects\\msd_2025_j.arellano\\.venv\\Lib\\site-packages\\flask\\templating.py', reloading
2025-06-06 03:27:33,384 - INFO - werkzeug - Thread-1 :  * Detected change in 'C:\\Users\\John Arellano\\PycharmProjects\\msd_2025_j.arellano\\.venv\\Lib\\site-packages\\flask\\templating.py', reloading
2025-06-06 03:27:33,384 - INFO - werkzeug - Thread-1 :  * Detected change in 'C:\\Users\\John Arellano\\PycharmProjects\\msd_2025_j.arellano\\.venv\\Lib\\site-packages\\flask\\scaffold.py', reloading
2025-06-06 03:27:33,384 - INFO - werkzeug - Thread-1 :  * Detected change in 'C:\\Users\\John Arellano\\PycharmProjects\\msd_2025_j.arellano\\.venv\\Lib\\site-packages\\flask\\scaffold.py', reloading
2025-06-06 03:27:33,386 - INFO - werkzeug - Thread-1 :  * Detected change in 'C:\\Users\\John Arellano\\PycharmProjects\\msd_2025_j.arellano\\.venv\\Lib\\site-packages\\flask\\sessions.py', reloading
2025-06-06 03:27:33,386 - INFO - werkzeug - Thread-1 :  * Detected change in 'C:\\Users\\John Arellano\\PycharmProjects\\msd_2025_j.arellano\\.venv\\Lib\\site-packages\\flask\\sessions.py', reloading
2025-06-06 03:27:33,386 - INFO - werkzeug - Thread-1 :  * Detected change in 'C:\\Users\\John Arellano\\PycharmProjects\\msd_2025_j.arellano\\.venv\\Lib\\site-packages\\flask\\wrappers.py', reloading
2025-06-06 03:27:33,387 - INFO - werkzeug - Thread-1 :  * Detected change in 'C:\\Users\\John Arellano\\PycharmProjects\\msd_2025_j.arellano\\.venv\\Lib\\site-packages\\flask\\wrappers.py', reloading
2025-06-06 03:27:33,387 - INFO - werkzeug - Thread-1 :  * Detected change in 'C:\\Users\\John Arellano\\PycharmProjects\\msd_2025_j.arellano\\.venv\\Lib\\site-packages\\flask\\app.py', reloading
2025-06-06 03:27:33,387 - INFO - werkzeug - Thread-1 :  * Detected change in 'C:\\Users\\John Arellano\\PycharmProjects\\msd_2025_j.arellano\\.venv\\Lib\\site-packages\\flask\\app.py', reloading
2025-06-06 03:27:33,387 - INFO - werkzeug - Thread-1 :  * Detected change in 'C:\\Users\\John Arellano\\PycharmProjects\\msd_2025_j.arellano\\.venv\\Lib\\site-packages\\flask\\__init__.py', reloading
2025-06-06 03:27:33,387 - INFO - werkzeug - Thread-1 :  * Detected change in 'C:\\Users\\John Arellano\\PycharmProjects\\msd_2025_j.arellano\\.venv\\Lib\\site-packages\\flask_httpauth.py', reloading
2025-06-06 03:27:33,387 - INFO - werkzeug - Thread-1 :  * Detected change in 'C:\\Users\\John Arellano\\PycharmProjects\\msd_2025_j.arellano\\.venv\\Lib\\site-packages\\flask\\__init__.py', reloading
2025-06-06 03:27:33,389 - INFO - werkzeug - Thread-1 :  * Detected change in 'C:\\Users\\John Arellano\\PycharmProjects\\msd_2025_j.arellano\\.venv\\Lib\\site-packages\\flask_httpauth.py', reloading
2025-06-06 03:27:33,389 - INFO - werkzeug - Thread-1 :  * Detected change in 'C:\\Users\\John Arellano\\PycharmProjects\\msd_2025_j.arellano\\Module07_Assignment\\Data_Collection_Exercise\\backendservice-main-src\\idgenerator.py', reloading
2025-06-06 03:27:33,389 - INFO - werkzeug - Thread-1 :  * Detected change in 'C:\\Users\\John Arellano\\PycharmProjects\\msd_2025_j.arellano\\Module07_Assignment\\Data_Collection_Exercise\\backendservice-main-src\\idgenerator.py', reloading
2025-06-06 03:27:33,390 - INFO - werkzeug - Thread-1 :  * Detected change in 'C:\\Users\\John Arellano\\PycharmProjects\\msd_2025_j.arellano\\Module07_Assignment\\Data_Collection_Exercise\\backendservice-main-src\\datastructure.py', reloading
2025-06-06 03:27:33,390 - INFO - werkzeug - Thread-1 :  * Detected change in 'C:\\Users\\John Arellano\\PycharmProjects\\msd_2025_j.arellano\\Module07_Assignment\\Data_Collection_Exercise\\backendservice-main-src\\datastructure.py', reloading
2025-06-06 03:27:34,479 - INFO - werkzeug - MainThread :  * Restarting with watchdog (windowsapi)
2025-06-06 03:27:34,603 - INFO - werkzeug - MainThread :  * Restarting with watchdog (windowsapi)
2025-06-06 03:27:34,992 - INFO - __main__ - MainThread : Attempting to load environment from: C:\Users\John Arellano\PycharmProjects\msd_2025_j.arellano\Module07_Assignment\Data_Collection_Exercise\backendservice-main-src\dev_env.json
2025-06-06 03:27:34,993 - INFO - __main__ - MainThread : Environment variables loaded: {'database_url': 'pq.fhnw.ch', 'database_port': '5432', 'database_username': 'dbusername_dev', 'database_password': 'dbpassword_dev', 'log_level': 'debug'}
2025-06-06 03:27:34,993 - INFO - __main__ - MainThread : Log level set to: DEBUG
2025-06-06 03:27:34,998 - INFO - __main__ - MainThread : Starting Data Collection Service...
2025-06-06 03:27:34,998 - INFO - datastructure - MainThread : Creating new DataStorage instance.
2025-06-06 03:27:34,999 - DEBUG - datastructure - MainThread : DataStorage __init__ called.
2025-06-06 03:27:34,999 - INFO - datastructure - MainThread : Attempting to load data from JSON files...
2025-06-06 03:27:34,999 - DEBUG - datastructure - MainThread : Patient initialized/updated: {'name': 'Billy Blaze', 'id': 'bf9eb35c-41ce-11f0-b73e-9b1ea4d95ba0', 'blood_pressure': '120/80', 'heart_rate': 70, 'age': 42}
2025-06-06 03:27:34,999 - DEBUG - datastructure - MainThread : Patient initialized/updated: {'name': 'John Doe', 'id': '444fa9b9-4206-11f0-9b93-9b1ea4d95ba0', 'age': 30}
2025-06-06 03:27:34,999 - DEBUG - datastructure - MainThread : Patient initialized/updated: {'name': 'Jane Doe', 'id': 'ea12c68f-4206-11f0-80ce-9b1ea4d95ba0', 'age': 25}
2025-06-06 03:27:34,999 - INFO - datastructure - MainThread : 3 patients loaded.
2025-06-06 03:27:34,999 - INFO - datastructure - MainThread : 0 experiments loaded.
2025-06-06 03:27:35,000 - ERROR - datastructure - MainThread : Error loading or parsing data.json: 'list' object has no attribute 'items'
Traceback (most recent call last):
  File "C:\Users\John Arellano\PycharmProjects\msd_2025_j.arellano\Module07_Assignment\Data_Collection_Exercise\backendservice-main-src\datastructure.py", line 492, in load_data
    for dp_id, dp_details in dp_data_dict.items():
                             ^^^^^^^^^^^^^^^^^^
AttributeError: 'list' object has no attribute 'items'
2025-06-06 03:27:35,001 - INFO - __main__ - MainThread : Initial data loaded from files (if any existed).
2025-06-06 03:27:35,001 - INFO - __main__ - MainThread : Service will run on host 0.0.0.0, port 5000
2025-06-06 03:27:35,014 - WARNING - werkzeug - MainThread :  * Debugger is active!
2025-06-06 03:27:35,020 - INFO - werkzeug - MainThread :  * Debugger PIN: 104-987-032
2025-06-06 03:27:35,534 - INFO - __main__ - MainThread : Attempting to load environment from: C:\Users\John Arellano\PycharmProjects\msd_2025_j.arellano\Module07_Assignment\Data_Collection_Exercise\backendservice-main-src\dev_env.json
2025-06-06 03:27:35,534 - INFO - __main__ - MainThread : Environment variables loaded: {'database_url': 'pq.fhnw.ch', 'database_port': '5432', 'database_username': 'dbusername_dev', 'database_password': 'dbpassword_dev', 'log_level': 'debug'}
2025-06-06 03:27:35,534 - INFO - __main__ - MainThread : Log level set to: DEBUG
2025-06-06 03:27:35,539 - INFO - __main__ - MainThread : Starting Data Collection Service...
2025-06-06 03:27:35,539 - INFO - datastructure - MainThread : Creating new DataStorage instance.
2025-06-06 03:27:35,539 - DEBUG - datastructure - MainThread : DataStorage __init__ called.
2025-06-06 03:27:35,540 - INFO - datastructure - MainThread : Attempting to load data from JSON files...
2025-06-06 03:27:35,540 - DEBUG - datastructure - MainThread : Patient initialized/updated: {'name': 'Billy Blaze', 'id': 'bf9eb35c-41ce-11f0-b73e-9b1ea4d95ba0', 'blood_pressure': '120/80', 'heart_rate': 70, 'age': 42}
2025-06-06 03:27:35,540 - DEBUG - datastructure - MainThread : Patient initialized/updated: {'name': 'John Doe', 'id': '444fa9b9-4206-11f0-9b93-9b1ea4d95ba0', 'age': 30}
2025-06-06 03:27:35,540 - DEBUG - datastructure - MainThread : Patient initialized/updated: {'name': 'Jane Doe', 'id': 'ea12c68f-4206-11f0-80ce-9b1ea4d95ba0', 'age': 25}
2025-06-06 03:27:35,540 - INFO - datastructure - MainThread : 3 patients loaded.
2025-06-06 03:27:35,540 - INFO - datastructure - MainThread : 0 experiments loaded.
2025-06-06 03:27:35,541 - ERROR - datastructure - MainThread : Error loading or parsing data.json: 'list' object has no attribute 'items'
Traceback (most recent call last):
  File "C:\Users\John Arellano\PycharmProjects\msd_2025_j.arellano\Module07_Assignment\Data_Collection_Exercise\backendservice-main-src\datastructure.py", line 492, in load_data
    for dp_id, dp_details in dp_data_dict.items():
                             ^^^^^^^^^^^^^^^^^^
AttributeError: 'list' object has no attribute 'items'
2025-06-06 03:27:35,542 - INFO - __main__ - MainThread : Initial data loaded from files (if any existed).
2025-06-06 03:27:35,542 - INFO - __main__ - MainThread : Service will run on host 0.0.0.0, port 5000
2025-06-06 03:27:35,554 - WARNING - werkzeug - MainThread :  * Debugger is active!
2025-06-06 03:27:35,558 - INFO - werkzeug - MainThread :  * Debugger PIN: 104-987-032
2025-06-06 03:27:54,428 - INFO - werkzeug - Thread-1 :  * Detected change in 'C:\\Users\\John Arellano\\PycharmProjects\\msd_2025_j.arellano\\Module07_Assignment\\Data_Collection_Exercise\\backendservice-main-src\\app.py', reloading
2025-06-06 03:27:54,428 - INFO - werkzeug - Thread-1 :  * Detected change in 'C:\\Users\\John Arellano\\PycharmProjects\\msd_2025_j.arellano\\Module07_Assignment\\Data_Collection_Exercise\\backendservice-main-src\\app.py', reloading
2025-06-06 03:27:54,436 - INFO - werkzeug - Thread-1 :  * Detected change in 'C:\\Users\\John Arellano\\PycharmProjects\\msd_2025_j.arellano\\Module07_Assignment\\Data_Collection_Exercise\\backendservice-main-src\\datastructure.py', reloading
2025-06-06 03:27:54,436 - INFO - werkzeug - Thread-1 :  * Detected change in 'C:\\Users\\John Arellano\\PycharmProjects\\msd_2025_j.arellano\\Module07_Assignment\\Data_Collection_Exercise\\backendservice-main-src\\datastructure.py', reloading
2025-06-06 03:27:55,498 - INFO - werkzeug - MainThread :  * Restarting with watchdog (windowsapi)
2025-06-06 03:27:55,666 - INFO - werkzeug - MainThread :  * Restarting with watchdog (windowsapi)
2025-06-06 03:27:56,067 - INFO - __main__ - MainThread : Attempting to load environment from: C:\Users\John Arellano\PycharmProjects\msd_2025_j.arellano\Module07_Assignment\Data_Collection_Exercise\backendservice-main-src\dev_env.json
2025-06-06 03:27:56,067 - INFO - __main__ - MainThread : Environment variables loaded: {'database_url': 'pq.fhnw.ch', 'database_port': '5432', 'database_username': 'dbusername_dev', 'database_password': 'dbpassword_dev', 'log_level': 'debug'}
2025-06-06 03:27:56,067 - INFO - __main__ - MainThread : Log level set to: DEBUG
2025-06-06 03:27:56,072 - INFO - __main__ - MainThread : Starting Data Collection Service...
2025-06-06 03:27:56,072 - INFO - datastructure - MainThread : Creating new DataStorage instance.
2025-06-06 03:27:56,072 - DEBUG - datastructure - MainThread : DataStorage __init__ called.
2025-06-06 03:27:56,072 - INFO - datastructure - MainThread : Attempting to load data from JSON files...
2025-06-06 03:27:56,073 - DEBUG - datastructure - MainThread : Patient initialized/updated: {'name': 'Billy Blaze', 'id': 'bf9eb35c-41ce-11f0-b73e-9b1ea4d95ba0', 'blood_pressure': '120/80', 'heart_rate': 70, 'age': 42}
2025-06-06 03:27:56,073 - DEBUG - datastructure - MainThread : Patient initialized/updated: {'name': 'John Doe', 'id': '444fa9b9-4206-11f0-9b93-9b1ea4d95ba0', 'age': 30}
2025-06-06 03:27:56,073 - DEBUG - datastructure - MainThread : Patient initialized/updated: {'name': 'Jane Doe', 'id': 'ea12c68f-4206-11f0-80ce-9b1ea4d95ba0', 'age': 25}
2025-06-06 03:27:56,073 - INFO - datastructure - MainThread : 3 patients loaded.
2025-06-06 03:27:56,073 - INFO - datastructure - MainThread : 0 experiments loaded.
2025-06-06 03:27:56,074 - ERROR - datastructure - MainThread : Error loading or parsing data.json: 'list' object has no attribute 'items'
Traceback (most recent call last):
  File "C:\Users\John Arellano\PycharmProjects\msd_2025_j.arellano\Module07_Assignment\Data_Collection_Exercise\backendservice-main-src\datastructure.py", line 492, in load_data
    for dp_id, dp_details in dp_data_dict.items():
                             ^^^^^^^^^^^^^^^^^^
AttributeError: 'list' object has no attribute 'items'
2025-06-06 03:27:56,076 - INFO - __main__ - MainThread : Initial data loaded from files (if any existed).
2025-06-06 03:27:56,076 - INFO - __main__ - MainThread : Service will run on host 0.0.0.0, port 5000
2025-06-06 03:27:56,091 - WARNING - werkzeug - MainThread :  * Debugger is active!
2025-06-06 03:27:56,096 - INFO - werkzeug - MainThread :  * Debugger PIN: 104-987-032
2025-06-06 03:27:56,667 - INFO - __main__ - MainThread : Attempting to load environment from: C:\Users\John Arellano\PycharmProjects\msd_2025_j.arellano\Module07_Assignment\Data_Collection_Exercise\backendservice-main-src\dev_env.json
2025-06-06 03:27:56,667 - INFO - __main__ - MainThread : Environment variables loaded: {'database_url': 'pq.fhnw.ch', 'database_port': '5432', 'database_username': 'dbusername_dev', 'database_password': 'dbpassword_dev', 'log_level': 'debug'}
2025-06-06 03:27:56,667 - INFO - __main__ - MainThread : Log level set to: DEBUG
2025-06-06 03:27:56,672 - INFO - __main__ - MainThread : Starting Data Collection Service...
2025-06-06 03:27:56,672 - INFO - datastructure - MainThread : Creating new DataStorage instance.
2025-06-06 03:27:56,672 - DEBUG - datastructure - MainThread : DataStorage __init__ called.
2025-06-06 03:27:56,672 - INFO - datastructure - MainThread : Attempting to load data from JSON files...
2025-06-06 03:27:56,672 - DEBUG - datastructure - MainThread : Patient initialized/updated: {'name': 'Billy Blaze', 'id': 'bf9eb35c-41ce-11f0-b73e-9b1ea4d95ba0', 'blood_pressure': '120/80', 'heart_rate': 70, 'age': 42}
2025-06-06 03:27:56,674 - DEBUG - datastructure - MainThread : Patient initialized/updated: {'name': 'John Doe', 'id': '444fa9b9-4206-11f0-9b93-9b1ea4d95ba0', 'age': 30}
2025-06-06 03:27:56,674 - DEBUG - datastructure - MainThread : Patient initialized/updated: {'name': 'Jane Doe', 'id': 'ea12c68f-4206-11f0-80ce-9b1ea4d95ba0', 'age': 25}
2025-06-06 03:27:56,674 - INFO - datastructure - MainThread : 3 patients loaded.
2025-06-06 03:27:56,674 - INFO - datastructure - MainThread : 0 experiments loaded.
2025-06-06 03:27:56,674 - ERROR - datastructure - MainThread : Error loading or parsing data.json: 'list' object has no attribute 'items'
Traceback (most recent call last):
  File "C:\Users\John Arellano\PycharmProjects\msd_2025_j.arellano\Module07_Assignment\Data_Collection_Exercise\backendservice-main-src\datastructure.py", line 492, in load_data
    for dp_id, dp_details in dp_data_dict.items():
                             ^^^^^^^^^^^^^^^^^^
AttributeError: 'list' object has no attribute 'items'
2025-06-06 03:27:56,675 - INFO - __main__ - MainThread : Initial data loaded from files (if any existed).
2025-06-06 03:27:56,675 - INFO - __main__ - MainThread : Service will run on host 0.0.0.0, port 5000
2025-06-06 03:27:56,686 - WARNING - werkzeug - MainThread :  * Debugger is active!
2025-06-06 03:27:56,690 - INFO - werkzeug - MainThread :  * Debugger PIN: 104-987-032
2025-06-06 03:28:17,651 - INFO - werkzeug - Thread-1 :  * Detected change in 'C:\\Users\\John Arellano\\PycharmProjects\\msd_2025_j.arellano\\Module07_Assignment\\Data_Collection_Exercise\\backendservice-main-src\\app.py', reloading
2025-06-06 03:28:17,660 - INFO - werkzeug - Thread-1 :  * Detected change in 'C:\\Users\\John Arellano\\PycharmProjects\\msd_2025_j.arellano\\Module07_Assignment\\Data_Collection_Exercise\\backendservice-main-src\\datastructure.py', reloading
2025-06-06 03:28:17,660 - INFO - werkzeug - Thread-1 :  * Detected change in 'C:\\Users\\John Arellano\\PycharmProjects\\msd_2025_j.arellano\\Module07_Assignment\\Data_Collection_Exercise\\backendservice-main-src\\datastructure.py', reloading
2025-06-06 03:28:18,749 - INFO - werkzeug - MainThread :  * Restarting with watchdog (windowsapi)
2025-06-06 03:28:18,931 - INFO - werkzeug - MainThread :  * Restarting with watchdog (windowsapi)
2025-06-06 03:28:19,515 - INFO - __main__ - MainThread : Attempting to load environment from: C:\Users\John Arellano\PycharmProjects\msd_2025_j.arellano\Module07_Assignment\Data_Collection_Exercise\backendservice-main-src\dev_env.json
2025-06-06 03:28:19,515 - INFO - __main__ - MainThread : Environment variables loaded: {'database_url': 'pq.fhnw.ch', 'database_port': '5432', 'database_username': 'dbusername_dev', 'database_password': 'dbpassword_dev', 'log_level': 'debug'}
2025-06-06 03:28:19,515 - INFO - __main__ - MainThread : Log level set to: DEBUG
2025-06-06 03:28:19,520 - INFO - __main__ - MainThread : Starting Data Collection Service...
2025-06-06 03:28:19,520 - INFO - datastructure - MainThread : Creating new DataStorage instance.
2025-06-06 03:28:19,520 - DEBUG - datastructure - MainThread : DataStorage __init__ called.
2025-06-06 03:28:19,520 - INFO - datastructure - MainThread : Attempting to load data from JSON files...
2025-06-06 03:28:19,521 - DEBUG - datastructure - MainThread : Patient initialized/updated: {'name': 'Billy Blaze', 'id': 'bf9eb35c-41ce-11f0-b73e-9b1ea4d95ba0', 'blood_pressure': '120/80', 'heart_rate': 70, 'age': 42}
2025-06-06 03:28:19,521 - DEBUG - datastructure - MainThread : Patient initialized/updated: {'name': 'John Doe', 'id': '444fa9b9-4206-11f0-9b93-9b1ea4d95ba0', 'age': 30}
2025-06-06 03:28:19,521 - DEBUG - datastructure - MainThread : Patient initialized/updated: {'name': 'Jane Doe', 'id': 'ea12c68f-4206-11f0-80ce-9b1ea4d95ba0', 'age': 25}
2025-06-06 03:28:19,521 - INFO - datastructure - MainThread : 3 patients loaded.
2025-06-06 03:28:19,521 - INFO - datastructure - MainThread : 0 experiments loaded.
2025-06-06 03:28:19,522 - ERROR - datastructure - MainThread : Error loading or parsing data.json: 'list' object has no attribute 'items'
Traceback (most recent call last):
  File "C:\Users\John Arellano\PycharmProjects\msd_2025_j.arellano\Module07_Assignment\Data_Collection_Exercise\backendservice-main-src\datastructure.py", line 492, in load_data
    for dp_id, dp_details in dp_data_dict.items():
                             ^^^^^^^^^^^^^^^^^^
AttributeError: 'list' object has no attribute 'items'
2025-06-06 03:28:19,522 - INFO - __main__ - MainThread : Initial data loaded from files (if any existed).
2025-06-06 03:28:19,523 - INFO - __main__ - MainThread : Service will run on host 0.0.0.0, port 5000
2025-06-06 03:28:19,535 - WARNING - werkzeug - MainThread :  * Debugger is active!
2025-06-06 03:28:19,540 - INFO - werkzeug - MainThread :  * Debugger PIN: 104-987-032
2025-06-06 03:28:20,121 - INFO - __main__ - MainThread : Attempting to load environment from: C:\Users\John Arellano\PycharmProjects\msd_2025_j.arellano\Module07_Assignment\Data_Collection_Exercise\backendservice-main-src\dev_env.json
2025-06-06 03:28:20,121 - INFO - __main__ - MainThread : Environment variables loaded: {'database_url': 'pq.fhnw.ch', 'database_port': '5432', 'database_username': 'dbusername_dev', 'database_password': 'dbpassword_dev', 'log_level': 'debug'}
2025-06-06 03:28:20,121 - INFO - __main__ - MainThread : Log level set to: DEBUG
2025-06-06 03:28:20,126 - INFO - __main__ - MainThread : Starting Data Collection Service...
2025-06-06 03:28:20,126 - INFO - datastructure - MainThread : Creating new DataStorage instance.
2025-06-06 03:28:20,126 - DEBUG - datastructure - MainThread : DataStorage __init__ called.
2025-06-06 03:28:20,126 - INFO - datastructure - MainThread : Attempting to load data from JSON files...
2025-06-06 03:28:20,126 - DEBUG - datastructure - MainThread : Patient initialized/updated: {'name': 'Billy Blaze', 'id': 'bf9eb35c-41ce-11f0-b73e-9b1ea4d95ba0', 'blood_pressure': '120/80', 'heart_rate': 70, 'age': 42}
2025-06-06 03:28:20,126 - DEBUG - datastructure - MainThread : Patient initialized/updated: {'name': 'John Doe', 'id': '444fa9b9-4206-11f0-9b93-9b1ea4d95ba0', 'age': 30}
2025-06-06 03:28:20,127 - DEBUG - datastructure - MainThread : Patient initialized/updated: {'name': 'Jane Doe', 'id': 'ea12c68f-4206-11f0-80ce-9b1ea4d95ba0', 'age': 25}
2025-06-06 03:28:20,127 - INFO - datastructure - MainThread : 3 patients loaded.
2025-06-06 03:28:20,127 - INFO - datastructure - MainThread : 0 experiments loaded.
2025-06-06 03:28:20,127 - ERROR - datastructure - MainThread : Error loading or parsing data.json: 'list' object has no attribute 'items'
Traceback (most recent call last):
  File "C:\Users\John Arellano\PycharmProjects\msd_2025_j.arellano\Module07_Assignment\Data_Collection_Exercise\backendservice-main-src\datastructure.py", line 492, in load_data
    for dp_id, dp_details in dp_data_dict.items():
                             ^^^^^^^^^^^^^^^^^^
AttributeError: 'list' object has no attribute 'items'
2025-06-06 03:28:20,128 - INFO - __main__ - MainThread : Initial data loaded from files (if any existed).
2025-06-06 03:28:20,128 - INFO - __main__ - MainThread : Service will run on host 0.0.0.0, port 5000
2025-06-06 03:28:20,138 - WARNING - werkzeug - MainThread :  * Debugger is active!
2025-06-06 03:28:20,141 - INFO - werkzeug - MainThread :  * Debugger PIN: 104-987-032
2025-06-06 03:29:01,019 - INFO - __main__ - Thread-8 (process_request_thread) : User 'user' authenticated successfully.
2025-06-06 03:29:01,019 - INFO - __main__ - Thread-8 (process_request_thread) : '/patients' GET request by 'user'.
2025-06-06 03:29:01,019 - DEBUG - datastructure - Thread-8 (process_request_thread) : DataStorage __init__ called.
2025-06-06 03:29:01,019 - DEBUG - datastructure - Thread-8 (process_request_thread) : Retrieved all 3 patients.
2025-06-06 03:29:01,020 - INFO - werkzeug - Thread-8 (process_request_thread) : 127.0.0.1 - - [06/Jun/2025 03:29:01] "GET /patients HTTP/1.1" 200 -
2025-06-06 03:30:53,691 - INFO - __main__ - Thread-9 (process_request_thread) : User 'user' authenticated successfully.
2025-06-06 03:30:53,691 - INFO - __main__ - Thread-9 (process_request_thread) : '/patients' GET request by 'user'.
2025-06-06 03:30:53,691 - DEBUG - datastructure - Thread-9 (process_request_thread) : DataStorage __init__ called.
2025-06-06 03:30:53,691 - DEBUG - datastructure - Thread-9 (process_request_thread) : Retrieved all 3 patients.
2025-06-06 03:30:53,692 - INFO - werkzeug - Thread-9 (process_request_thread) : 127.0.0.1 - - [06/Jun/2025 03:30:53] "GET /patients HTTP/1.1" 200 -
2025-06-06 03:36:21,696 - INFO - werkzeug - Thread-1 :  * Detected change in 'C:\\Users\\John Arellano\\PycharmProjects\\msd_2025_j.arellano\\Module07_Assignment\\Data_Collection_Exercise\\backendservice-main-src\\datastructure_test.py', reloading
2025-06-06 03:36:21,696 - INFO - werkzeug - Thread-1 :  * Detected change in 'C:\\Users\\John Arellano\\PycharmProjects\\msd_2025_j.arellano\\Module07_Assignment\\Data_Collection_Exercise\\backendservice-main-src\\datastructure_test.py', reloading
2025-06-06 03:36:21,990 - INFO - werkzeug - MainThread :  * Restarting with watchdog (windowsapi)
2025-06-06 03:36:22,486 - INFO - werkzeug - MainThread :  * Restarting with watchdog (windowsapi)
2025-06-06 03:36:22,859 - INFO - __main__ - MainThread : Attempting to load environment from: C:\Users\John Arellano\PycharmProjects\msd_2025_j.arellano\Module07_Assignment\Data_Collection_Exercise\backendservice-main-src\dev_env.json
2025-06-06 03:36:22,860 - INFO - __main__ - MainThread : Environment variables loaded: {'database_url': 'pq.fhnw.ch', 'database_port': '5432', 'database_username': 'dbusername_dev', 'database_password': 'dbpassword_dev', 'log_level': 'debug'}
2025-06-06 03:36:22,860 - INFO - __main__ - MainThread : Log level set to: DEBUG
2025-06-06 03:36:22,865 - INFO - __main__ - MainThread : Starting Data Collection Service...
2025-06-06 03:36:22,865 - INFO - datastructure - MainThread : Creating new DataStorage instance.
2025-06-06 03:36:22,865 - DEBUG - datastructure - MainThread : DataStorage __init__ called.
2025-06-06 03:36:22,865 - INFO - datastructure - MainThread : Attempting to load data from JSON files...
2025-06-06 03:36:22,866 - DEBUG - datastructure - MainThread : Patient initialized/updated: {'name': 'Billy Blaze', 'id': 'bf9eb35c-41ce-11f0-b73e-9b1ea4d95ba0', 'blood_pressure': '120/80', 'heart_rate': 70, 'age': 42}
2025-06-06 03:36:22,866 - DEBUG - datastructure - MainThread : Patient initialized/updated: {'name': 'John Doe', 'id': '444fa9b9-4206-11f0-9b93-9b1ea4d95ba0', 'age': 30}
2025-06-06 03:36:22,866 - DEBUG - datastructure - MainThread : Patient initialized/updated: {'name': 'Jane Doe', 'id': 'ea12c68f-4206-11f0-80ce-9b1ea4d95ba0', 'age': 25}
2025-06-06 03:36:22,866 - INFO - datastructure - MainThread : 3 patients loaded.
2025-06-06 03:36:22,866 - INFO - datastructure - MainThread : 0 experiments loaded.
2025-06-06 03:36:22,867 - ERROR - datastructure - MainThread : Error loading or parsing data.json: 'list' object has no attribute 'items'
Traceback (most recent call last):
  File "C:\Users\John Arellano\PycharmProjects\msd_2025_j.arellano\Module07_Assignment\Data_Collection_Exercise\backendservice-main-src\datastructure.py", line 492, in load_data
    for dp_id, dp_details in dp_data_dict.items():
                             ^^^^^^^^^^^^^^^^^^
AttributeError: 'list' object has no attribute 'items'
2025-06-06 03:36:22,867 - INFO - __main__ - MainThread : Initial data loaded from files (if any existed).
2025-06-06 03:36:22,867 - INFO - __main__ - MainThread : Service will run on host 0.0.0.0, port 5000
2025-06-06 03:36:22,881 - WARNING - werkzeug - MainThread :  * Debugger is active!
2025-06-06 03:36:22,886 - INFO - werkzeug - MainThread :  * Debugger PIN: 104-987-032
2025-06-06 03:36:22,991 - INFO - __main__ - MainThread : Attempting to load environment from: C:\Users\John Arellano\PycharmProjects\msd_2025_j.arellano\Module07_Assignment\Data_Collection_Exercise\backendservice-main-src\dev_env.json
2025-06-06 03:36:22,991 - INFO - __main__ - MainThread : Environment variables loaded: {'database_url': 'pq.fhnw.ch', 'database_port': '5432', 'database_username': 'dbusername_dev', 'database_password': 'dbpassword_dev', 'log_level': 'debug'}
2025-06-06 03:36:22,991 - INFO - __main__ - MainThread : Log level set to: DEBUG
2025-06-06 03:36:22,997 - INFO - __main__ - MainThread : Starting Data Collection Service...
2025-06-06 03:36:22,997 - INFO - datastructure - MainThread : Creating new DataStorage instance.
2025-06-06 03:36:22,997 - DEBUG - datastructure - MainThread : DataStorage __init__ called.
2025-06-06 03:36:22,997 - INFO - datastructure - MainThread : Attempting to load data from JSON files...
2025-06-06 03:36:22,997 - DEBUG - datastructure - MainThread : Patient initialized/updated: {'name': 'Billy Blaze', 'id': 'bf9eb35c-41ce-11f0-b73e-9b1ea4d95ba0', 'blood_pressure': '120/80', 'heart_rate': 70, 'age': 42}
2025-06-06 03:36:22,997 - DEBUG - datastructure - MainThread : Patient initialized/updated: {'name': 'John Doe', 'id': '444fa9b9-4206-11f0-9b93-9b1ea4d95ba0', 'age': 30}
2025-06-06 03:36:22,997 - DEBUG - datastructure - MainThread : Patient initialized/updated: {'name': 'Jane Doe', 'id': 'ea12c68f-4206-11f0-80ce-9b1ea4d95ba0', 'age': 25}
2025-06-06 03:36:22,997 - INFO - datastructure - MainThread : 3 patients loaded.
2025-06-06 03:36:22,997 - INFO - datastructure - MainThread : 0 experiments loaded.
2025-06-06 03:36:22,998 - ERROR - datastructure - MainThread : Error loading or parsing data.json: 'list' object has no attribute 'items'
Traceback (most recent call last):
  File "C:\Users\John Arellano\PycharmProjects\msd_2025_j.arellano\Module07_Assignment\Data_Collection_Exercise\backendservice-main-src\datastructure.py", line 492, in load_data
    for dp_id, dp_details in dp_data_dict.items():
                             ^^^^^^^^^^^^^^^^^^
AttributeError: 'list' object has no attribute 'items'
2025-06-06 03:36:23,002 - INFO - __main__ - MainThread : Initial data loaded from files (if any existed).
2025-06-06 03:36:23,002 - INFO - __main__ - MainThread : Service will run on host 0.0.0.0, port 5000
2025-06-06 03:36:23,011 - WARNING - werkzeug - MainThread :  * Debugger is active!
2025-06-06 03:36:23,014 - INFO - werkzeug - MainThread :  * Debugger PIN: 104-987-032
2025-06-06 03:37:31,235 - INFO - werkzeug - Thread-1 :  * Detected change in 'C:\\Users\\John Arellano\\PycharmProjects\\msd_2025_j.arellano\\Module07_Assignment\\Data_Collection_Exercise\\backendservice-main-src\\memory.py', reloading
2025-06-06 03:37:31,235 - INFO - werkzeug - Thread-1 :  * Detected change in 'C:\\Users\\John Arellano\\PycharmProjects\\msd_2025_j.arellano\\Module07_Assignment\\Data_Collection_Exercise\\backendservice-main-src\\memory.py', reloading
2025-06-06 03:37:31,424 - INFO - werkzeug - MainThread :  * Restarting with watchdog (windowsapi)
2025-06-06 03:37:31,740 - INFO - werkzeug - MainThread :  * Restarting with watchdog (windowsapi)
2025-06-06 03:37:31,842 - INFO - __main__ - MainThread : Attempting to load environment from: C:\Users\John Arellano\PycharmProjects\msd_2025_j.arellano\Module07_Assignment\Data_Collection_Exercise\backendservice-main-src\dev_env.json
2025-06-06 03:37:31,842 - INFO - __main__ - MainThread : Environment variables loaded: {'database_url': 'pq.fhnw.ch', 'database_port': '5432', 'database_username': 'dbusername_dev', 'database_password': 'dbpassword_dev', 'log_level': 'debug'}
2025-06-06 03:37:31,843 - INFO - __main__ - MainThread : Log level set to: DEBUG
2025-06-06 03:37:31,848 - INFO - __main__ - MainThread : Starting Data Collection Service...
2025-06-06 03:37:31,848 - INFO - datastructure - MainThread : Creating new DataStorage instance.
2025-06-06 03:37:31,848 - DEBUG - datastructure - MainThread : DataStorage __init__ called.
2025-06-06 03:37:31,848 - INFO - datastructure - MainThread : Attempting to load data from JSON files...
2025-06-06 03:37:31,848 - DEBUG - datastructure - MainThread : Patient initialized/updated: {'name': 'Billy Blaze', 'id': 'bf9eb35c-41ce-11f0-b73e-9b1ea4d95ba0', 'blood_pressure': '120/80', 'heart_rate': 70, 'age': 42}
2025-06-06 03:37:31,848 - DEBUG - datastructure - MainThread : Patient initialized/updated: {'name': 'John Doe', 'id': '444fa9b9-4206-11f0-9b93-9b1ea4d95ba0', 'age': 30}
2025-06-06 03:37:31,848 - DEBUG - datastructure - MainThread : Patient initialized/updated: {'name': 'Jane Doe', 'id': 'ea12c68f-4206-11f0-80ce-9b1ea4d95ba0', 'age': 25}
2025-06-06 03:37:31,848 - INFO - datastructure - MainThread : 3 patients loaded.
2025-06-06 03:37:31,848 - INFO - datastructure - MainThread : 0 experiments loaded.
2025-06-06 03:37:31,849 - ERROR - datastructure - MainThread : Error loading or parsing data.json: 'list' object has no attribute 'items'
Traceback (most recent call last):
  File "C:\Users\John Arellano\PycharmProjects\msd_2025_j.arellano\Module07_Assignment\Data_Collection_Exercise\backendservice-main-src\datastructure.py", line 492, in load_data
    for dp_id, dp_details in dp_data_dict.items():
                             ^^^^^^^^^^^^^^^^^^
AttributeError: 'list' object has no attribute 'items'
2025-06-06 03:37:31,850 - INFO - __main__ - MainThread : Initial data loaded from files (if any existed).
2025-06-06 03:37:31,850 - INFO - __main__ - MainThread : Service will run on host 0.0.0.0, port 5000
2025-06-06 03:37:31,862 - WARNING - werkzeug - MainThread :  * Debugger is active!
2025-06-06 03:37:31,866 - INFO - werkzeug - MainThread :  * Debugger PIN: 104-987-032
2025-06-06 03:37:32,539 - INFO - __main__ - MainThread : Attempting to load environment from: C:\Users\John Arellano\PycharmProjects\msd_2025_j.arellano\Module07_Assignment\Data_Collection_Exercise\backendservice-main-src\dev_env.json
2025-06-06 03:37:32,539 - INFO - __main__ - MainThread : Environment variables loaded: {'database_url': 'pq.fhnw.ch', 'database_port': '5432', 'database_username': 'dbusername_dev', 'database_password': 'dbpassword_dev', 'log_level': 'debug'}
2025-06-06 03:37:32,539 - INFO - __main__ - MainThread : Log level set to: DEBUG
2025-06-06 03:37:32,544 - INFO - __main__ - MainThread : Starting Data Collection Service...
2025-06-06 03:37:32,544 - INFO - datastructure - MainThread : Creating new DataStorage instance.
2025-06-06 03:37:32,544 - DEBUG - datastructure - MainThread : DataStorage __init__ called.
2025-06-06 03:37:32,544 - INFO - datastructure - MainThread : Attempting to load data from JSON files...
2025-06-06 03:37:32,544 - DEBUG - datastructure - MainThread : Patient initialized/updated: {'name': 'Billy Blaze', 'id': 'bf9eb35c-41ce-11f0-b73e-9b1ea4d95ba0', 'blood_pressure': '120/80', 'heart_rate': 70, 'age': 42}
2025-06-06 03:37:32,544 - DEBUG - datastructure - MainThread : Patient initialized/updated: {'name': 'John Doe', 'id': '444fa9b9-4206-11f0-9b93-9b1ea4d95ba0', 'age': 30}
2025-06-06 03:37:32,544 - DEBUG - datastructure - MainThread : Patient initialized/updated: {'name': 'Jane Doe', 'id': 'ea12c68f-4206-11f0-80ce-9b1ea4d95ba0', 'age': 25}
2025-06-06 03:37:32,544 - INFO - datastructure - MainThread : 3 patients loaded.
2025-06-06 03:37:32,545 - INFO - datastructure - MainThread : 0 experiments loaded.
2025-06-06 03:37:32,545 - ERROR - datastructure - MainThread : Error loading or parsing data.json: 'list' object has no attribute 'items'
Traceback (most recent call last):
  File "C:\Users\John Arellano\PycharmProjects\msd_2025_j.arellano\Module07_Assignment\Data_Collection_Exercise\backendservice-main-src\datastructure.py", line 492, in load_data
    for dp_id, dp_details in dp_data_dict.items():
                             ^^^^^^^^^^^^^^^^^^
AttributeError: 'list' object has no attribute 'items'
2025-06-06 03:37:32,546 - INFO - __main__ - MainThread : Initial data loaded from files (if any existed).
2025-06-06 03:37:32,546 - INFO - __main__ - MainThread : Service will run on host 0.0.0.0, port 5000
2025-06-06 03:37:32,555 - WARNING - werkzeug - MainThread :  * Debugger is active!
2025-06-06 03:37:32,559 - INFO - werkzeug - MainThread :  * Debugger PIN: 104-987-032
2025-06-06 03:37:52,421 - INFO - __main__ - MainThread : Data Collection Service stopped.
2025-06-06 03:37:52,513 - INFO - __main__ - MainThread : Data Collection Service stopped.
2025-06-06 16:58:51,592 - INFO - werkzeug - Thread-1 :  * Detected change in 'C:\\Program Files\\Python312\\Lib\\abc.py', reloading
2025-06-06 16:58:51,593 - INFO - werkzeug - Thread-1 :  * Detected change in 'C:\\Program Files\\Python312\\Lib\\genericpath.py', reloading
2025-06-06 16:58:51,594 - INFO - werkzeug - Thread-1 :  * Detected change in 'C:\\Program Files\\Python312\\Lib\\io.py', reloading
2025-06-06 16:58:51,594 - INFO - werkzeug - Thread-1 :  * Detected change in 'C:\\Program Files\\Python312\\Lib\\ntpath.py', reloading
2025-06-06 16:58:51,596 - INFO - werkzeug - Thread-1 :  * Detected change in 'C:\\Program Files\\Python312\\Lib\\posixpath.py', reloading
2025-06-06 16:58:51,599 - INFO - werkzeug - Thread-1 :  * Detected change in 'C:\\Program Files\\Python312\\Lib\\_collections_abc.py', reloading
2025-06-06 16:58:51,599 - INFO - werkzeug - Thread-1 :  * Detected change in 'C:\\Program Files\\Python312\\Lib\\_pydatetime.py', reloading
2025-06-06 16:58:51,599 - INFO - werkzeug - Thread-1 :  * Detected change in 'C:\\Program Files\\Python312\\Lib\\_py_abc.py', reloading
2025-06-06 16:58:51,599 - INFO - werkzeug - Thread-1 :  * Detected change in 'C:\\Program Files\\Python312\\Lib\\_threading_local.py', reloading
2025-06-06 16:58:51,630 - INFO - werkzeug - Thread-1 :  * Detected change in 'C:\\Program Files\\Python312\\Lib\\multiprocessing\\dummy\\__init__.py', reloading
2025-06-06 16:58:51,782 - INFO - werkzeug - MainThread :  * Restarting with watchdog (windowsapi)
2025-06-06 16:58:52,148 - INFO - __main__ - MainThread : Attempting to load environment from: C:\Users\John Arellano\PycharmProjects\msd_2025_j.arellano\Module07_Assignment\Data_Collection_Exercise\backendservice-main-src\dev_env.json
2025-06-06 16:58:52,149 - INFO - __main__ - MainThread : Environment variables loaded: {'database_url': 'pq.fhnw.ch', 'database_port': '5432', 'database_username': 'dbusername_dev', 'database_password': 'dbpassword_dev', 'log_level': 'debug'}
2025-06-06 16:58:52,149 - INFO - __main__ - MainThread : Log level set to: DEBUG
2025-06-06 16:58:52,153 - INFO - __main__ - MainThread : Starting Data Collection Service...
2025-06-06 16:58:52,153 - INFO - datastructure - MainThread : Creating new DataStorage instance.
2025-06-06 16:58:52,153 - DEBUG - datastructure - MainThread : DataStorage __init__ called.
2025-06-06 16:58:52,153 - INFO - datastructure - MainThread : Attempting to load data from JSON files...
2025-06-06 16:58:52,154 - DEBUG - datastructure - MainThread : Patient initialized/updated: {'name': 'Billy Blaze', 'id': 'bf9eb35c-41ce-11f0-b73e-9b1ea4d95ba0', 'blood_pressure': '120/80', 'heart_rate': 70, 'age': 42}
2025-06-06 16:58:52,154 - DEBUG - datastructure - MainThread : Patient initialized/updated: {'name': 'John Doe', 'id': '444fa9b9-4206-11f0-9b93-9b1ea4d95ba0', 'age': 30}
2025-06-06 16:58:52,154 - DEBUG - datastructure - MainThread : Patient initialized/updated: {'name': 'Jane Doe', 'id': 'ea12c68f-4206-11f0-80ce-9b1ea4d95ba0', 'age': 25}
2025-06-06 16:58:52,154 - INFO - datastructure - MainThread : 3 patients loaded.
2025-06-06 16:58:52,154 - INFO - datastructure - MainThread : 0 experiments loaded.
2025-06-06 16:58:52,154 - ERROR - datastructure - MainThread : Error loading or parsing data.json: 'list' object has no attribute 'items'
Traceback (most recent call last):
  File "C:\Users\John Arellano\PycharmProjects\msd_2025_j.arellano\Module07_Assignment\Data_Collection_Exercise\backendservice-main-src\datastructure.py", line 492, in load_data
    for dp_id, dp_details in dp_data_dict.items():
                             ^^^^^^^^^^^^^^^^^^
AttributeError: 'list' object has no attribute 'items'
2025-06-06 16:58:52,155 - INFO - __main__ - MainThread : Initial data loaded from files (if any existed).
2025-06-06 16:58:52,155 - INFO - __main__ - MainThread : Service will run on host 0.0.0.0, port 5000
2025-06-06 16:58:52,167 - WARNING - werkzeug - MainThread :  * Debugger is active!
2025-06-06 16:58:52,172 - INFO - werkzeug - MainThread :  * Debugger PIN: 104-987-032
